timestamp;total_power_import_kwh;total_power_export_kwh;active_power_w;active_voltage_l1_v;active_current_a;active_power_average_w;montly_power_peak_w;montly_power_peak_timestamp;total_gas_m3
2025-11-01:16:36:00;17937.553;3238.95;612;222.1;3.08;281;1817;2025-11-01:12:15:00;8728.249
2025-11-01:16:36:15;17937.556;3238.95;610;222.4;3.08;292;1817;2025-11-01:12:15:00;8728.249
2025-11-01:16:36:30;17937.558;3238.95;611;222.2;3.08;302;1817;2025-11-01:12:15:00;8728.249
2025-11-01:16:36:45;17937.561;3238.95;614;221.4;3.1;312;1817;2025-11-01:12:15:00;8728.249
2025-11-01:16:37:00;17937.563;3238.95;619;222;3.12;322;1817;2025-11-01:12:15:00;8728.249
2025-11-01:16:37:15;17937.566;3238.95;619;221.4;3.13;333;1817;2025-11-01:12:15:00;8728.249
2025-11-01:16:37:30;17937.568;3238.95;621;221;3.15;343;1817;2025-11-01:12:15:00;8728.249
2025-11-01:16:37:45;17937.571;3238.95;611;221;3.11;353;1817;2025-11-01:12:15:00;8728.249
2025-11-01:16:38:00;17937.574;3238.95;618;221.5;3.12;364;1817;2025-11-01:12:15:00;8728.249
2025-11-01:16:38:15;17937.576;3238.95;620;220.7;3.14;374;1817;2025-11-01:12:15:00;8728.249
2025-11-01:16:38:30;17937.579;3238.95;623;221.3;3.15;384;1817;2025-11-01:12:15:00;8728.249
2025-11-01:16:38:45;17937.581;3238.95;628;221.6;3.16;395;1817;2025-11-01:12:15:00;8728.249
2025-11-01:16:39:00;17937.584;3238.95;630;221.2;3.18;405;1817;2025-11-01:12:15:00;8728.249
2025-11-01:16:39:15;17937.587;3238.95;623;221.1;3.14;416;1817;2025-11-01:12:15:00;8728.249
2025-11-01:16:39:30;17937.589;3238.95;626;221.1;3.16;426;1817;2025-11-01:12:15:00;8728.249
2025-11-01:16:39:45;17937.592;3238.95;630;222.1;3.16;437;1817;2025-11-01:12:15:00;8728.249
2025-11-01:16:40:00;17937.595;3238.95;623;221.2;3.14;448;1817;2025-11-01:12:15:00;8728.249
2025-11-01:16:40:16;17937.597;3238.95;630;220.8;3.17;458;1817;2025-11-01:12:15:00;8728.249
2025-11-01:16:40:31;17937.6;3238.95;633;220.8;3.19;469;1817;2025-11-01:12:15:00;8728.249
2025-11-01:16:40:46;17937.602;3238.95;631;221;3.17;479;1817;2025-11-01:12:15:00;8728.249
2025-11-01:16:41:01;17937.605;3238.95;632;221.9;3.16;490;1817;2025-11-01:12:15:00;8728.249
2025-11-01:16:41:16;17937.608;3238.95;624;221.6;3.14;500;1817;2025-11-01:12:15:00;8728.249
2025-11-01:16:41:31;17937.61;3238.95;629;221.6;3.16;511;1817;2025-11-01:12:15:00;8728.249
2025-11-01:16:41:46;17937.613;3238.95;632;221.5;3.17;521;1817;2025-11-01:12:15:00;8728.249
2025-11-01:16:42:01;17937.616;3238.95;629;222.2;3.15;532;1817;2025-11-01:12:15:00;8728.249
2025-11-01:16:42:16;17937.618;3238.95;622;220.9;3.13;542;1817;2025-11-01:12:15:00;8728.249
2025-11-01:16:42:31;17937.621;3238.95;617;222;3.09;553;1817;2025-11-01:12:15:00;8728.249
2025-11-01:16:42:46;17937.623;3238.95;620;221.7;3.11;563;1817;2025-11-01:12:15:00;8728.249
2025-11-01:16:43:01;17937.626;3238.95;624;222.9;3.11;573;1817;2025-11-01:12:15:00;8728.249
2025-11-01:16:43:16;17937.629;3238.95;617;221.9;3.09;584;1817;2025-11-01:12:15:00;8728.249
2025-11-01:16:43:31;17937.631;3238.95;621;222.3;3.1;594;1817;2025-11-01:12:15:00;8728.249
2025-11-01:16:43:46;17937.634;3238.95;627;222.9;3.12;604;1817;2025-11-01:12:15:00;8728.249
2025-11-01:16:44:01;17937.636;3238.95;621;222.2;3.1;615;1817;2025-11-01:12:15:00;8728.249
2025-11-01:16:44:17;17937.639;3238.95;624;222.6;3.1;626;1817;2025-11-01:12:15:00;8728.249
2025-11-01:16:44:32;17937.642;3238.95;629;222.3;3.12;636;1817;2025-11-01:12:15:00;8728.249
2025-11-01:16:44:47;17937.644;3238.95;629;222.4;3.12;6;1817;2025-11-01:12:15:00;8728.249
2025-11-01:16:45:02;17937.647;3238.95;632;221.7;3.15;16;1817;2025-11-01:12:15:00;8728.249
2025-11-01:16:45:17;17937.65;3238.95;627;221.7;3.13;27;1817;2025-11-01:12:15:00;8728.249
2025-11-01:16:45:32;17937.652;3238.95;643;222.5;3.19;37;1817;2025-11-01:12:15:00;8728.249
2025-11-01:16:45:47;17937.655;3238.95;637;221.4;3.18;48;1817;2025-11-01:12:15:00;8728.249
2025-11-01:16:46:02;17937.658;3238.95;629;221.7;3.14;59;1817;2025-11-01:12:15:00;8728.249
2025-11-01:16:46:17;17937.66;3238.95;629;221.5;3.14;69;1817;2025-11-01:12:15:00;8728.249
2025-11-01:16:46:32;17937.663;3238.95;623;221.6;3.12;79;1817;2025-11-01:12:15:00;8728.249
2025-11-01:16:46:47;17937.665;3238.95;624;221.2;3.13;90;1817;2025-11-01:12:15:00;8728.249
2025-11-01:16:47:02;17937.668;3238.95;648;221.6;3.22;101;1817;2025-11-01:12:15:00;8728.249
2025-11-01:16:47:17;17937.671;3238.95;645;221.1;3.21;111;1817;2025-11-01:12:15:00;8728.249
2025-11-01:16:47:32;17937.674;3238.95;646;221.8;3.21;122;1817;2025-11-01:12:15:00;8728.249
2025-11-01:16:47:47;17937.676;3238.95;647;220.1;3.24;133;1817;2025-11-01:12:15:00;8728.249
2025-11-01:16:48:02;17937.679;3238.95;640;221.4;3.19;144;1817;2025-11-01:12:15:00;8728.249
2025-11-01:16:48:17;17937.682;3238.95;628;221.1;3.14;154;1817;2025-11-01:12:15:00;8728.249
2025-11-01:16:48:32;17937.684;3238.95;712;220.8;3.6;165;1817;2025-11-01:12:15:00;8728.249
2025-11-01:16:48:47;17937.688;3238.95;726;220.3;3.6;178;1817;2025-11-01:12:15:00;8728.249
2025-11-01:16:49:03;17937.691;3238.95;734;220.5;3.62;190;1817;2025-11-01:12:15:00;8728.249
2025-11-01:16:49:18;17937.694;3238.95;734;221.2;3.61;203;1817;2025-11-01:12:15:00;8728.249
2025-11-01:16:49:33;17937.697;3238.95;734;221.1;3.62;215;1817;2025-11-01:12:15:00;8728.249
2025-11-01:16:49:48;17937.7;3238.95;735;219.9;3.63;227;1817;2025-11-01:12:15:00;8728.249
2025-11-01:16:50:03;17937.703;3238.95;737;221.4;3.69;239;1817;2025-11-01:12:15:00;8728.249
2025-11-01:16:50:18;17937.706;3238.95;757;221.6;3.71;252;1817;2025-11-01:12:15:00;8728.249
2025-11-01:16:50:33;17937.709;3238.95;753;222.2;3.67;264;1817;2025-11-01:12:15:00;8728.249
2025-11-01:16:50:48;17937.712;3238.95;750;220.9;3.69;277;1817;2025-11-01:12:15:00;8728.249
2025-11-01:16:51:03;17937.715;3238.95;747;221.7;3.66;289;1817;2025-11-01:12:15:00;8728.249
2025-11-01:16:51:18;17937.718;3238.95;742;222;3.64;302;1817;2025-11-01:12:15:00;8728.249
2025-11-01:16:51:33;17937.722;3238.95;757;222.4;3.69;314;1817;2025-11-01:12:15:00;8728.249
2025-11-01:16:51:48;17937.725;3238.95;744;221.8;3.65;327;1817;2025-11-01:12:15:00;8728.249
2025-11-01:16:52:03;17937.728;3238.95;751;222.8;3.67;339;1817;2025-11-01:12:15:00;8728.249
2025-11-01:16:52:18;17937.731;3238.95;746;221.4;3.68;352;1817;2025-11-01:12:15:00;8728.249
2025-11-01:16:52:33;17937.734;3238.95;706;221.3;3.53;365;1817;2025-11-01:12:15:00;8728.249
2025-11-01:16:52:48;17937.737;3238.95;712;221.2;3.52;378;1817;2025-11-01:12:15:00;8728.249
2025-11-01:16:53:03;17937.74;3238.95;696;222;3.45;389;1817;2025-11-01:12:15:00;8728.249
2025-11-01:16:53:18;17937.743;3238.95;700;221.3;3.45;402;1817;2025-11-01:12:15:00;8728.249
2025-11-01:16:53:34;17937.746;3238.95;698;220.8;3.45;413;1817;2025-11-01:12:15:00;8728.249
2025-11-01:16:53:49;17937.749;3238.95;702;221.5;3.46;425;1817;2025-11-01:12:15:00;8728.249
2025-11-01:16:54:04;17937.752;3238.95;688;220.9;3.41;437;1817;2025-11-01:12:15:00;8728.249
2025-11-01:16:54:19;17937.755;3238.95;674;220.9;3.35;448;1817;2025-11-01:12:15:00;8728.249
2025-11-01:16:54:34;17937.758;3238.95;683;221.9;3.38;459;1817;2025-11-01:12:15:00;8728.249
2025-11-01:16:54:49;17937.761;3238.95;681;220.4;3.39;471;1817;2025-11-01:12:15:00;8728.249
2025-11-01:16:55:04;17937.764;3238.95;686;221.2;3.4;482;1817;2025-11-01:12:15:00;8728.249
2025-11-01:16:55:19;17937.766;3238.95;671;220.7;3.34;493;1817;2025-11-01:12:15:00;8728.249
2025-11-01:16:55:34;17937.769;3238.95;687;221.8;3.39;505;1817;2025-11-01:12:15:00;8728.249
2025-11-01:16:55:49;17937.772;3238.95;684;221.1;3.48;516;1817;2025-11-01:12:15:00;8728.249
2025-11-01:16:56:04;17937.775;3238.95;688;221.5;3.44;528;1817;2025-11-01:12:15:00;8728.249
2025-11-01:16:56:19;17937.778;3238.95;697;221.5;3.47;540;1817;2025-11-01:12:15:00;8728.249
2025-11-01:16:56:34;17937.781;3238.95;695;221.5;3.46;551;1817;2025-11-01:12:15:00;8728.249
2025-11-01:16:56:49;17937.784;3238.95;699;221.7;3.48;563;1817;2025-11-01:12:15:00;8728.249
2025-11-01:16:57:04;17937.787;3238.95;692;219.5;3.48;575;1817;2025-11-01:12:15:00;8728.249
2025-11-01:16:57:19;17937.79;3238.95;703;221.6;3.49;586;1817;2025-11-01:12:15:00;8728.249
2025-11-01:16:57:34;17937.793;3238.95;698;221.4;3.47;598;1817;2025-11-01:12:15:00;8728.249
2025-11-01:16:57:49;17937.796;3238.95;700;221.5;3.49;610;1817;2025-11-01:12:15:00;8728.249
2025-11-01:16:58:05;17937.799;3238.95;709;222.1;3.51;622;1817;2025-11-01:12:15:00;8728.249
2025-11-01:16:58:20;17937.801;3238.95;707;221.3;3.53;634;1817;2025-11-01:12:15:00;8728.249
2025-11-01:16:58:35;17937.804;3238.95;710;221.1;3.55;646;1817;2025-11-01:12:15:00;8728.249
2025-11-01:16:58:50;17937.807;3238.95;710;221.3;3.54;657;1817;2025-11-01:12:15:00;8728.249
2025-11-01:16:59:05;17937.81;3238.95;684;221.6;3.44;669;1817;2025-11-01:12:15:00;8728.249
2025-11-01:16:59:20;17937.813;3238.95;683;221.3;3.45;681;1817;2025-11-01:12:15:00;8728.249
2025-11-01:16:59:35;17937.816;3238.95;698;221.7;3.51;692;1817;2025-11-01:12:15:00;8728.249
2025-11-01:16:59:50;17937.819;3238.95;692;220.9;3.49;9;1817;2025-11-01:12:15:00;8728.249
2025-11-01:17:00:05;17937.822;3238.95;694;221.8;3.49;20;1817;2025-11-01:12:15:00;8728.343
2025-11-01:17:00:20;17937.825;3238.95;699;221.6;3.52;32;1817;2025-11-01:12:15:00;8728.343
2025-11-01:17:00:35;17937.828;3238.95;723;221.9;3.65;44;1817;2025-11-01:12:15:00;8728.343
2025-11-01:17:00:50;17937.831;3238.95;721;221.2;3.73;56;1817;2025-11-01:12:15:00;8728.343
2025-11-01:17:01:05;17937.834;3238.95;725;221.6;3.68;68;1817;2025-11-01:12:15:00;8728.343
2025-11-01:17:01:20;17937.837;3238.95;722;221.6;3.67;80;1817;2025-11-01:12:15:00;8728.343
2025-11-01:17:01:35;17937.84;3238.95;728;221.9;3.74;92;1817;2025-11-01:12:15:00;8728.343
2025-11-01:17:01:50;17937.843;3238.95;729;221.7;3.71;104;1817;2025-11-01:12:15:00;8728.343
2025-11-01:17:02:05;17937.846;3238.95;727;221.4;3.69;116;1817;2025-11-01:12:15:00;8728.343
2025-11-01:17:02:20;17937.849;3238.95;724;221.5;3.7;128;1817;2025-11-01:12:15:00;8728.343
2025-11-01:17:02:35;17937.852;3238.95;725;221.5;3.67;141;1817;2025-11-01:12:15:00;8728.343
2025-11-01:17:02:51;17937.855;3238.95;727;221.5;3.68;153;1817;2025-11-01:12:15:00;8728.343
2025-11-01:17:03:06;17937.858;3238.95;721;221.4;3.66;165;1817;2025-11-01:12:15:00;8728.343
2025-11-01:17:03:21;17937.861;3238.95;718;221.3;3.64;178;1817;2025-11-01:12:15:00;8728.343
2025-11-01:17:03:36;17937.864;3238.95;727;221.4;3.68;190;1817;2025-11-01:12:15:00;8728.343
2025-11-01:17:03:51;17937.867;3238.95;721;221.3;3.69;202;1817;2025-11-01:12:15:00;8728.343
2025-11-01:17:04:06;17937.87;3238.95;720;221.3;3.7;214;1817;2025-11-01:12:15:00;8728.343
2025-11-01:17:04:21;17937.873;3238.95;722;221.7;3.66;226;1817;2025-11-01:12:15:00;8728.343
2025-11-01:17:04:36;17937.876;3238.95;722;221.2;3.69;238;1817;2025-11-01:12:15:00;8728.343
2025-11-01:17:04:51;17937.879;3238.95;731;221.5;3.74;250;1817;2025-11-01:12:15:00;8728.552
2025-11-01:17:05:06;17937.882;3238.95;725;219.5;3.71;262;1817;2025-11-01:12:15:00;8728.552
2025-11-01:17:05:21;17937.885;3238.95;649;221;3.28;274;1817;2025-11-01:12:15:00;8728.552
2025-11-01:17:05:36;17937.888;3238.95;656;221.1;3.32;284;1817;2025-11-01:12:15:00;8728.552
2025-11-01:17:05:51;17937.891;3238.95;656;221.3;3.31;295;1817;2025-11-01:12:15:00;8728.552
2025-11-01:17:06:06;17937.894;3238.95;655;221.2;3.31;306;1817;2025-11-01:12:15:00;8728.552
2025-11-01:17:06:21;17937.896;3238.95;655;221.1;3.3;317;1817;2025-11-01:12:15:00;8728.552
2025-11-01:17:06:36;17937.899;3238.95;658;219.7;3.35;328;1817;2025-11-01:12:15:00;8728.552
2025-11-01:17:06:51;17937.902;3238.95;654;221.1;3.3;339;1817;2025-11-01:12:15:00;8728.552
2025-11-01:17:07:06;17937.905;3238.95;660;220.8;3.34;351;1817;2025-11-01:12:15:00;8728.552
2025-11-01:17:07:21;17937.907;3238.95;673;223.8;3.36;362;1817;2025-11-01:12:15:00;8728.552
2025-11-01:17:07:37;17937.91;3238.95;667;223.6;3.33;373;1817;2025-11-01:12:15:00;8728.552
2025-11-01:17:07:52;17937.914;3238.95;790;223.1;3.89;387;1817;2025-11-01:12:15:00;8728.552
2025-11-01:17:08:07;17937.917;3238.95;775;222.8;3.83;400;1817;2025-11-01:12:15:00;8728.552
2025-11-01:17:08:22;17937.92;3238.95;776;222.8;3.84;413;1817;2025-11-01:12:15:00;8728.552
2025-11-01:17:08:37;17937.923;3238.95;772;221.5;3.84;426;1817;2025-11-01:12:15:00;8728.552
2025-11-01:17:08:52;17937.926;3238.95;760;219.8;3.76;438;1817;2025-11-01:12:15:00;8728.552
2025-11-01:17:09:07;17937.93;3238.95;757;219.7;3.78;451;1817;2025-11-01:12:15:00;8728.552
2025-11-01:17:09:22;17937.933;3238.95;760;220;3.77;464;1817;2025-11-01:12:15:00;8728.552
2025-11-01:17:09:37;17937.936;3238.95;756;220;3.74;476;1817;2025-11-01:12:15:00;8728.552
2025-11-01:17:09:52;17937.939;3238.95;756;220.2;3.74;489;1817;2025-11-01:12:15:00;8728.579
2025-11-01:17:10:07;17937.942;3238.95;757;220;3.77;501;1817;2025-11-01:12:15:00;8728.579
2025-11-01:17:10:22;17937.945;3238.95;756;220.4;3.77;514;1817;2025-11-01:12:15:00;8728.579
2025-11-01:17:10:37;17937.949;3238.95;757;220.1;3.75;526;1817;2025-11-01:12:15:00;8728.579
2025-11-01:17:10:52;17937.952;3238.95;757;218.9;3.77;539;1817;2025-11-01:12:15:00;8728.579
2025-11-01:17:11:07;17937.955;3238.95;757;220.2;3.76;552;1817;2025-11-01:12:15:00;8728.579
2025-11-01:17:11:22;17937.958;3238.95;763;220.4;3.77;565;1817;2025-11-01:12:15:00;8728.579
2025-11-01:17:11:37;17937.961;3238.95;761;220.4;3.77;578;1817;2025-11-01:12:15:00;8728.579
2025-11-01:17:11:53;17937.965;3238.95;768;220.1;3.81;591;1817;2025-11-01:12:15:00;8728.579
2025-11-01:17:12:08;17937.968;3238.95;754;220.3;3.75;603;1817;2025-11-01:12:15:00;8728.579
2025-11-01:17:12:23;17937.971;3238.95;763;220.5;3.77;616;1817;2025-11-01:12:15:00;8728.579
2025-11-01:17:12:38;17937.974;3238.95;758;220.2;3.77;629;1817;2025-11-01:12:15:00;8728.579
2025-11-01:17:12:53;17937.977;3238.95;766;220.9;3.81;641;1817;2025-11-01:12:15:00;8728.579
2025-11-01:17:13:08;17937.98;3238.95;757;220.4;3.79;654;1817;2025-11-01:12:15:00;8728.579
2025-11-01:17:13:23;17937.984;3238.95;770;221;3.8;667;1817;2025-11-01:12:15:00;8728.579
2025-11-01:17:13:38;17937.987;3238.95;644;220.8;3.23;679;1817;2025-11-01:12:15:00;8728.579
2025-11-01:17:13:53;17937.989;3238.95;658;221;3.28;690;1817;2025-11-01:12:15:00;8728.579
2025-11-01:17:14:08;17937.992;3238.95;654;220.8;3.27;701;1817;2025-11-01:12:15:00;8728.579
2025-11-01:17:14:23;17937.995;3238.95;767;220.4;3.78;712;1817;2025-11-01:12:15:00;8728.579
2025-11-01:17:14:38;17937.998;3238.95;783;220.3;3.7;725;1817;2025-11-01:12:15:00;8728.579
2025-11-01:17:14:53;17938.001;3238.95;783;220.1;3.7;13;1817;2025-11-01:12:15:00;8728.579
2025-11-01:17:15:08;17938.005;3238.95;784;220.6;3.7;26;1817;2025-11-01:12:15:00;8728.579
2025-11-01:17:15:23;17938.008;3238.95;770;219.8;3.66;39;1817;2025-11-01:12:15:00;8728.579
2025-11-01:17:15:38;17938.011;3238.95;788;221.1;3.72;52;1817;2025-11-01:12:15:00;8728.579
2025-11-01:17:15:53;17938.015;3238.95;789;222.6;3.69;66;1817;2025-11-01:12:15:00;8728.579
2025-11-01:17:16:09;17938.018;3238.95;777;221.8;3.65;79;1817;2025-11-01:12:15:00;8728.579
2025-11-01:17:16:24;17938.021;3238.95;782;222.1;3.67;92;1817;2025-11-01:12:15:00;8728.579
2025-11-01:17:16:39;17938.024;3238.95;780;219.8;3.7;105;1817;2025-11-01:12:15:00;8728.579
2025-11-01:17:16:54;17938.028;3238.95;792;222;3.72;118;1817;2025-11-01:12:15:00;8728.579
2025-11-01:17:17:09;17938.031;3238.95;777;219.9;3.69;131;1817;2025-11-01:12:15:00;8728.579
2025-11-01:17:17:24;17938.034;3238.95;798;222;3.79;144;1817;2025-11-01:12:15:00;8728.579
2025-11-01:17:17:39;17938.037;3238.95;776;221.4;3.66;157;1817;2025-11-01:12:15:00;8728.579
2025-11-01:17:17:54;17938.041;3238.95;786;221.4;3.7;170;1817;2025-11-01:12:15:00;8728.579
2025-11-01:17:18:09;17938.044;3238.95;767;219.5;3.65;183;1817;2025-11-01:12:15:00;8728.579
2025-11-01:17:18:24;17938.047;3238.95;760;217.6;3.65;196;1817;2025-11-01:12:15:00;8728.579
2025-11-01:17:18:39;17938.05;3238.95;766;219.4;3.64;208;1817;2025-11-01:12:15:00;8728.579
2025-11-01:17:18:54;17938.054;3238.95;765;219.4;3.63;221;1817;2025-11-01:12:15:00;8728.579
2025-11-01:17:19:09;17938.057;3238.95;783;220.5;3.7;234;1817;2025-11-01:12:15:00;8728.579
2025-11-01:17:19:24;17938.06;3238.95;774;218.5;3.69;247;1817;2025-11-01:12:15:00;8728.579
2025-11-01:17:19:39;17938.063;3238.95;781;220.4;3.68;260;1817;2025-11-01:12:15:00;8728.579
2025-11-01:17:19:54;17938.066;3238.95;776;220;3.67;273;1817;2025-11-01:12:15:00;8728.579
2025-11-01:17:20:09;17938.07;3238.95;780;220.2;3.68;286;1817;2025-11-01:12:15:00;8728.579
2025-11-01:17:20:25;17938.073;3238.95;780;220.3;3.68;300;1817;2025-11-01:12:15:00;8728.579
2025-11-01:17:20:40;17938.076;3238.95;778;220.1;3.67;313;1817;2025-11-01:12:15:00;8728.579
2025-11-01:17:20:55;17938.08;3238.95;780;219.2;3.7;326;1817;2025-11-01:12:15:00;8728.579
2025-11-01:17:21:10;17938.083;3238.95;779;220.1;3.69;339;1817;2025-11-01:12:15:00;8728.579
2025-11-01:17:21:25;17938.086;3238.95;775;218.2;3.69;352;1817;2025-11-01:12:15:00;8728.579
2025-11-01:17:21:40;17938.089;3238.95;770;218.2;3.67;364;1817;2025-11-01:12:15:00;8728.579
2025-11-01:17:21:55;17938.093;3238.95;775;218.1;3.7;377;1817;2025-11-01:12:15:00;8728.579
2025-11-01:17:22:10;17938.096;3238.95;778;219.9;3.68;390;1817;2025-11-01:12:15:00;8728.579
2025-11-01:17:22:25;17938.099;3238.95;773;217.9;3.69;403;1817;2025-11-01:12:15:00;8728.579
2025-11-01:17:22:40;17938.102;3238.95;772;219.1;3.67;416;1817;2025-11-01:12:15:00;8728.579
2025-11-01:17:22:55;17938.106;3238.95;769;219.5;3.65;429;1817;2025-11-01:12:15:00;8728.579
2025-11-01:17:23:10;17938.109;3238.95;767;220;3.63;442;1817;2025-11-01:12:15:00;8728.579
2025-11-01:17:23:25;17938.112;3238.95;771;220.9;3.63;455;1817;2025-11-01:12:15:00;8728.579
2025-11-01:17:23:40;17938.115;3238.95;767;219.2;3.65;467;1817;2025-11-01:12:15:00;8728.579
2025-11-01:17:23:55;17938.118;3238.95;775;221.2;3.65;480;1817;2025-11-01:12:15:00;8728.579
2025-11-01:17:24:10;17938.122;3238.95;778;222;3.65;493;1817;2025-11-01:12:15:00;8728.579
2025-11-01:17:24:25;17938.125;3238.95;781;223.1;3.64;506;1817;2025-11-01:12:15:00;8728.579
2025-11-01:17:24:40;17938.128;3238.95;774;220.9;3.65;519;1817;2025-11-01:12:15:00;8728.579
2025-11-01:17:24:56;17938.132;3238.95;775;222.3;3.63;533;1817;2025-11-01:12:15:00;8728.579
2025-11-01:17:25:11;17938.135;3238.95;783;221.7;3.68;546;1817;2025-11-01:12:15:00;8728.579
2025-11-01:17:25:26;17938.138;3238.95;775;221.7;3.65;559;1817;2025-11-01:12:15:00;8728.579
2025-11-01:17:25:41;17938.141;3238.95;777;220.8;3.68;572;1817;2025-11-01:12:15:00;8728.579
2025-11-01:17:25:56;17938.144;3238.95;774;221.9;3.64;584;1817;2025-11-01:12:15:00;8728.579
2025-11-01:17:26:11;17938.148;3238.95;772;219.4;3.67;598;1817;2025-11-01:12:15:00;8728.579
2025-11-01:17:26:26;17938.151;3238.95;771;220.5;3.65;610;1817;2025-11-01:12:15:00;8728.579
2025-11-01:17:26:41;17938.154;3238.95;782;222.6;3.67;623;1817;2025-11-01:12:15:00;8728.579
2025-11-01:17:26:56;17938.157;3238.95;778;222;3.66;636;1817;2025-11-01:12:15:00;8728.579
2025-11-01:17:27:11;17938.161;3238.95;773;220.2;3.68;649;1817;2025-11-01:12:15:00;8728.579
2025-11-01:17:27:26;17938.164;3238.95;769;220.4;3.65;662;1817;2025-11-01:12:15:00;8728.579
2025-11-01:17:27:41;17938.166;3238.95;563;222.3;2.75;672;1817;2025-11-01:12:15:00;8728.579
2025-11-01:17:27:56;17938.169;3238.95;556;220.8;2.73;682;1817;2025-11-01:12:15:00;8728.579
2025-11-01:17:28:11;17938.171;3238.95;556;219.7;2.75;691;1817;2025-11-01:12:15:00;8728.579
2025-11-01:17:28:26;17938.173;3238.95;558;219.4;2.75;700;1817;2025-11-01:12:15:00;8728.579
2025-11-01:17:28:41;17938.176;3238.95;565;221.3;2.77;710;1817;2025-11-01:12:15:00;8728.579
2025-11-01:17:28:56;17938.178;3238.95;564;221.9;2.77;719;1817;2025-11-01:12:15:00;8728.579
2025-11-01:17:29:11;17938.181;3238.95;567;223;2.76;728;1817;2025-11-01:12:15:00;8728.579
2025-11-01:17:29:27;17938.183;3238.95;558;220.9;2.75;738;1817;2025-11-01:12:15:00;8728.579
2025-11-01:17:29:42;17938.185;3238.95;556;220.8;2.74;2;1817;2025-11-01:12:15:00;8728.579
2025-11-01:17:29:57;17938.188;3238.95;560;220.6;2.77;11;1817;2025-11-01:12:15:00;8728.579
2025-11-01:17:30:12;17938.19;3238.95;567;220.7;2.79;21;1817;2025-11-01:12:15:00;8728.579
2025-11-01:17:30:27;17938.192;3238.95;559;221.3;2.74;30;1817;2025-11-01:12:15:00;8728.579
2025-11-01:17:30:42;17938.195;3238.95;562;221.6;2.75;39;1817;2025-11-01:12:15:00;8728.579
2025-11-01:17:30:57;17938.197;3238.95;554;220.7;2.73;49;1817;2025-11-01:12:15:00;8728.579
2025-11-01:17:31:12;17938.199;3238.95;555;220.4;2.73;58;1817;2025-11-01:12:15:00;8728.579
2025-11-01:17:31:27;17938.202;3238.95;554;221;2.72;67;1817;2025-11-01:12:15:00;8728.579
2025-11-01:17:31:42;17938.204;3238.95;562;221.3;2.75;77;1817;2025-11-01:12:15:00;8728.579
2025-11-01:17:31:57;17938.206;3238.95;555;220.3;2.74;86;1817;2025-11-01:12:15:00;8728.579
2025-11-01:17:32:12;17938.209;3238.95;559;222.4;2.73;95;1817;2025-11-01:12:15:00;8728.579
2025-11-01:17:32:27;17938.211;3238.95;550;219.3;2.72;104;1817;2025-11-01:12:15:00;8728.579
2025-11-01:17:32:42;17938.213;3238.95;557;219.6;2.75;114;1817;2025-11-01:12:15:00;8728.579
2025-11-01:17:32:57;17938.216;3238.95;647;220.6;3.12;123;1817;2025-11-01:12:15:00;8728.579
2025-11-01:17:33:12;17938.218;3238.95;594;221.2;3.07;133;1817;2025-11-01:12:15:00;8728.579
2025-11-01:17:33:27;17938.221;3238.95;596;221.2;2.9;143;1817;2025-11-01:12:15:00;8728.579
2025-11-01:17:33:42;17938.223;3238.95;593;221.1;2.87;154;1817;2025-11-01:12:15:00;8728.579
2025-11-01:17:33:58;17938.226;3238.95;637;221.3;3.13;164;1817;2025-11-01:12:15:00;8728.579
2025-11-01:17:34:13;17938.228;3238.95;606;220.7;2.97;174;1817;2025-11-01:12:15:00;8728.579
2025-11-01:17:34:28;17938.231;3238.95;610;221.6;2.98;184;1817;2025-11-01:12:15:00;8728.579
2025-11-01:17:34:43;17938.233;3238.95;608;220.5;2.98;194;1817;2025-11-01:12:15:00;8728.579
2025-11-01:17:34:58;17938.236;3238.95;611;222.1;2.97;204;1817;2025-11-01:12:15:00;8728.579
2025-11-01:17:35:13;17938.239;3238.95;607;221.9;2.96;215;1817;2025-11-01:12:15:00;8728.579
2025-11-01:17:35:28;17938.241;3238.95;606;220.3;2.97;225;1817;2025-11-01:12:15:00;8728.579
2025-11-01:17:35:43;17938.244;3238.95;610;222;2.97;235;1817;2025-11-01:12:15:00;8728.579
2025-11-01:17:35:58;17938.246;3238.95;610;221.9;2.97;245;1817;2025-11-01:12:15:00;8728.579
2025-11-01:17:36:13;17938.249;3238.95;609;222.3;2.96;255;1817;2025-11-01:12:15:00;8728.579
2025-11-01:17:36:28;17938.251;3238.95;607;219.9;2.99;265;1817;2025-11-01:12:15:00;8728.579
2025-11-01:17:36:43;17938.254;3238.95;606;220.7;2.97;275;1817;2025-11-01:12:15:00;8728.579
2025-11-01:17:36:58;17938.256;3238.95;611;222.2;2.97;286;1817;2025-11-01:12:15:00;8728.579
2025-11-01:17:37:13;17938.259;3238.95;612;222.4;2.98;296;1817;2025-11-01:12:15:00;8728.579
2025-11-01:17:37:28;17938.261;3238.95;607;219.6;2.99;306;1817;2025-11-01:12:15:00;8728.579
2025-11-01:17:37:43;17938.264;3238.95;607;220.1;2.98;316;1817;2025-11-01:12:15:00;8728.579
2025-11-01:17:37:58;17938.266;3238.95;605;220.8;2.96;326;1817;2025-11-01:12:15:00;8728.579
2025-11-01:17:38:13;17938.269;3238.95;613;220.3;3.01;336;1817;2025-11-01:12:15:00;8728.579
2025-11-01:17:38:28;17938.272;3238.95;604;219;2.98;347;1817;2025-11-01:12:15:00;8728.579
2025-11-01:17:38:44;17938.274;3238.95;618;220.6;3.02;357;1817;2025-11-01:12:15:00;8728.579
2025-11-01:17:38:59;17938.277;3238.95;616;222.3;3;367;1817;2025-11-01:12:15:00;8728.579
2025-11-01:17:39:14;17938.279;3238.95;607;220.8;2.97;378;1817;2025-11-01:12:15:00;8728.579
2025-11-01:17:39:29;17938.282;3238.95;604;219.8;2.97;388;1817;2025-11-01:12:15:00;8728.579
2025-11-01:17:39:44;17938.284;3238.95;610;221.2;2.99;398;1817;2025-11-01:12:15:00;8728.579
2025-11-01:17:39:59;17938.287;3238.95;613;221.2;3;408;1817;2025-11-01:12:15:00;8728.579
2025-11-01:17:40:14;17938.29;3238.95;607;220.9;2.99;418;1817;2025-11-01:12:15:00;8728.579
2025-11-01:17:40:29;17938.292;3238.95;605;218;3.01;428;1817;2025-11-01:12:15:00;8728.579
2025-11-01:17:40:44;17938.295;3238.95;609;220.8;3;439;1817;2025-11-01:12:15:00;8728.579
2025-11-01:17:40:59;17938.297;3238.95;609;220.4;2.99;449;1817;2025-11-01:12:15:00;8728.579
2025-11-01:17:41:14;17938.3;3238.95;606;220.4;2.98;459;1817;2025-11-01:12:15:00;8728.579
2025-11-01:17:41:29;17938.302;3238.95;608;219;3.01;469;1817;2025-11-01:12:15:00;8728.579
2025-11-01:17:41:44;17938.305;3238.95;612;220.5;3.01;479;1817;2025-11-01:12:15:00;8728.579
2025-11-01:17:41:59;17938.307;3238.95;588;221.3;2.84;489;1817;2025-11-01:12:15:00;8728.579
2025-11-01:17:42:14;17938.31;3238.95;586;220.3;2.85;499;1817;2025-11-01:12:15:00;8728.579
2025-11-01:17:42:29;17938.312;3238.95;600;221.3;2.91;509;1817;2025-11-01:12:15:00;8728.579
2025-11-01:17:42:44;17938.315;3238.95;604;220.7;2.93;519;1817;2025-11-01:12:15:00;8728.579
2025-11-01:17:42:59;17938.317;3238.95;604;220.5;2.93;530;1817;2025-11-01:12:15:00;8728.579
2025-11-01:17:43:14;17938.32;3238.95;601;218.6;2.94;540;1817;2025-11-01:12:15:00;8728.579
2025-11-01:17:43:30;17938.322;3238.95;594;217.8;2.91;550;1817;2025-11-01:12:15:00;8728.579
2025-11-01:17:43:45;17938.325;3238.95;599;218.2;2.93;560;1817;2025-11-01:12:15:00;8728.579
2025-11-01:17:44:00;17938.327;3238.95;599;218.4;2.92;570;1817;2025-11-01:12:15:00;8728.579
2025-11-01:17:44:15;17938.33;3238.95;588;218.7;2.87;579;1817;2025-11-01:12:15:00;8728.579
2025-11-01:17:44:30;17938.332;3238.95;580;218.9;2.83;589;1817;2025-11-01:12:15:00;8728.579
2025-11-01:17:44:45;17938.335;3238.95;587;219.8;2.86;4;1817;2025-11-01:12:15:00;8728.579
2025-11-01:17:45:00;17938.337;3238.95;570;220.1;2.78;14;1817;2025-11-01:12:15:00;8728.579
2025-11-01:17:45:15;17938.339;3238.95;565;219.4;2.77;23;1817;2025-11-01:12:15:00;8728.579
2025-11-01:17:45:30;17938.342;3238.95;564;219.8;2.76;33;1817;2025-11-01:12:15:00;8728.579
2025-11-01:17:45:45;17938.344;3238.95;566;219.3;2.77;42;1817;2025-11-01:12:15:00;8728.579
2025-11-01:17:46:00;17938.347;3238.95;670;220.3;3.27;54;1817;2025-11-01:12:15:00;8728.579
2025-11-01:17:46:15;17938.35;3238.95;664;219.5;3.26;66;1817;2025-11-01:12:15:00;8728.579
2025-11-01:17:46:31;17938.353;3238.95;670;219.6;3.28;77;1817;2025-11-01:12:15:00;8728.579
2025-11-01:17:46:46;17938.356;3238.95;672;218.4;3.31;89;1817;2025-11-01:12:15:00;8728.579
2025-11-01:17:47:01;17938.359;3238.95;678;219.3;3.32;100;1817;2025-11-01:12:15:00;8728.579
2025-11-01:17:47:16;17938.361;3238.95;678;218.5;3.33;111;1817;2025-11-01:12:15:00;8728.579
2025-11-01:17:47:31;17938.364;3238.95;673;219.5;3.29;122;1817;2025-11-01:12:15:00;8728.579
2025-11-01:17:47:46;17938.367;3238.95;667;219.7;3.27;134;1817;2025-11-01:12:15:00;8728.579
2025-11-01:17:48:02;17938.37;3238.95;663;219;3.26;145;1817;2025-11-01:12:15:00;8728.579
2025-11-01:17:48:17;17938.373;3238.95;673;219.4;3.29;157;1817;2025-11-01:12:15:00;8728.579
2025-11-01:17:48:32;17938.376;3238.95;672;219.9;3.28;168;1817;2025-11-01:12:15:00;8728.579
2025-11-01:17:48:47;17938.378;3238.95;667;219.9;3.26;179;1817;2025-11-01:12:15:00;8728.579
2025-11-01:17:49:02;17938.381;3238.95;670;219.2;3.29;190;1817;2025-11-01:12:15:00;8728.579
2025-11-01:17:49:17;17938.384;3238.95;665;220.1;3.26;201;1817;2025-11-01:12:15:00;8728.579
2025-11-01:17:49:32;17938.387;3238.95;653;219.8;3.22;212;1817;2025-11-01:12:15:00;8728.579
2025-11-01:17:49:47;17938.39;3238.95;660;220.2;3.23;223;1817;2025-11-01:12:15:00;8728.579
2025-11-01:17:50:02;17938.392;3238.95;670;219.4;3.28;234;1817;2025-11-01:12:15:00;8728.579
2025-11-01:17:50:17;17938.395;3238.95;791;220.1;3.84;246;1817;2025-11-01:12:15:00;8728.579
2025-11-01:17:50:32;17938.398;3238.95;807;219.6;4.01;259;1817;2025-11-01:12:15:00;8728.579
2025-11-01:17:50:47;17938.402;3238.95;783;220.8;3.76;272;1817;2025-11-01:12:15:00;8728.579
2025-11-01:17:51:02;17938.405;3238.95;840;220.3;4.2;286;1817;2025-11-01:12:15:00;8728.579
2025-11-01:17:51:17;17938.409;3238.95;816;220;4.08;299;1817;2025-11-01:12:15:00;8728.579
2025-11-01:17:51:32;17938.412;3238.95;820;221;4.08;313;1817;2025-11-01:12:15:00;8728.579
2025-11-01:17:51:47;17938.415;3238.95;699;219.7;3.41;325;1817;2025-11-01:12:15:00;8728.579
2025-11-01:17:52:02;17938.418;3238.95;701;221.6;3.39;337;1817;2025-11-01:12:15:00;8728.579
2025-11-01:17:52:17;17938.421;3238.95;701;220.4;3.41;349;1817;2025-11-01:12:15:00;8728.579
2025-11-01:17:52:33;17938.424;3238.95;636;221;3.06;360;1817;2025-11-01:12:15:00;8728.579
2025-11-01:17:52:48;17938.426;3238.95;679;221.4;3.24;371;1817;2025-11-01:12:15:00;8728.579
2025-11-01:17:53:03;17938.429;3238.95;668;221.1;3.2;382;1817;2025-11-01:12:15:00;8728.579
2025-11-01:17:53:18;17938.432;3238.95;669;221.5;3.2;393;1817;2025-11-01:12:15:00;8728.579
2025-11-01:17:53:33;17938.435;3238.95;671;220.7;3.22;404;1817;2025-11-01:12:15:00;8728.579
2025-11-01:17:53:48;17938.437;3238.95;630;221.4;3.03;415;1817;2025-11-01:12:15:00;8728.579
2025-11-01:17:54:03;17938.44;3238.95;624;220.5;3.01;426;1817;2025-11-01:12:15:00;8728.579
2025-11-01:17:54:18;17938.443;3238.95;633;221.3;3.04;436;1817;2025-11-01:12:15:00;8728.579
2025-11-01:17:54:33;17938.445;3238.95;627;221.9;3;447;1817;2025-11-01:12:15:00;8728.579
2025-11-01:17:54:48;17938.448;3238.95;622;221.2;2.99;457;1817;2025-11-01:12:15:00;8728.579
2025-11-01:17:55:03;17938.451;3238.95;617;221.7;2.96;467;1817;2025-11-01:12:15:00;8728.579
2025-11-01:17:55:18;17938.453;3238.95;616;220.4;2.97;478;1817;2025-11-01:12:15:00;8728.579
2025-11-01:17:55:33;17938.456;3238.95;624;221.5;3;488;1817;2025-11-01:12:15:00;8728.579
2025-11-01:17:55:48;17938.458;3238.95;620;219.4;3.01;498;1817;2025-11-01:12:15:00;8728.579
2025-11-01:17:56:03;17938.461;3238.95;579;219.1;2.83;508;1817;2025-11-01:12:15:00;8728.579
2025-11-01:17:56:18;17938.463;3238.95;570;219;2.78;518;1817;2025-11-01:12:15:00;8728.579
2025-11-01:17:56:34;17938.466;3238.95;612;219;2.99;527;1817;2025-11-01:12:15:00;8728.579
2025-11-01:17:56:49;17938.468;3238.95;662;218.9;3.27;539;1817;2025-11-01:12:15:00;8728.579
2025-11-01:17:57:04;17938.471;3238.95;622;218.9;3.04;549;1817;2025-11-01:12:15:00;8728.579
2025-11-01:17:57:19;17938.474;3238.95;617;218.9;3.01;559;1817;2025-11-01:12:15:00;8728.579
2025-11-01:17:57:34;17938.476;3238.95;631;218.2;3.08;570;1817;2025-11-01:12:15:00;8728.579
2025-11-01:17:57:49;17938.479;3238.95;635;221;3.06;580;1817;2025-11-01:12:15:00;8728.579
2025-11-01:17:58:04;17938.481;3238.95;631;220.8;3.04;591;1817;2025-11-01:12:15:00;8728.579
2025-11-01:17:58:19;17938.484;3238.95;627;224.1;2.98;601;1817;2025-11-01:12:15:00;8728.579
2025-11-01:17:58:34;17938.487;3238.95;628;221.8;3.01;612;1817;2025-11-01:12:15:00;8728.579
2025-11-01:17:58:49;17938.489;3238.95;624;223.3;2.98;622;1817;2025-11-01:12:15:00;8728.579
2025-11-01:17:59:04;17938.492;3238.95;719;223;3.38;634;1817;2025-11-01:12:15:00;8728.579
2025-11-01:17:59:19;17938.495;3238.95;724;222.1;3.42;646;1817;2025-11-01:12:15:00;8728.579
2025-11-01:17:59:34;17938.498;3238.95;749;223.2;3.52;658;1817;2025-11-01:12:15:00;8728.579
2025-11-01:17:59:49;17938.501;3238.95;736;221.2;3.5;9;1817;2025-11-01:12:15:00;8728.579
2025-11-01:18:00:04;17938.504;3238.95;729;219.6;3.49;21;1817;2025-11-01:12:15:00;8728.579
2025-11-01:18:00:19;17938.508;3238.95;744;219.9;3.54;33;1817;2025-11-01:12:15:00;8728.579
2025-11-01:18:00:34;17938.511;3238.95;738;221.1;3.51;45;1817;2025-11-01:12:15:00;8728.579
2025-11-01:18:00:49;17938.514;3238.95;729;220.5;3.49;57;1817;2025-11-01:12:15:00;8728.579
2025-11-01:18:01:04;17938.517;3238.95;720;217.9;3.47;70;1817;2025-11-01:12:15:00;8728.579
2025-11-01:18:01:20;17938.52;3238.95;724;219;3.48;82;1817;2025-11-01:12:15:00;8728.579
2025-11-01:18:01:35;17938.523;3238.95;746;220.8;3.55;95;1817;2025-11-01:12:15:00;8728.579
2025-11-01:18:01:50;17938.526;3238.95;736;218.9;3.53;107;1817;2025-11-01:12:15:00;8728.579
2025-11-01:18:02:05;17938.529;3238.95;736;219.1;3.53;119;1817;2025-11-01:12:15:00;8728.579
2025-11-01:18:02:20;17938.532;3238.95;741;220.9;3.52;131;1817;2025-11-01:12:15:00;8728.579
2025-11-01:18:02:35;17938.535;3238.95;737;221.2;3.5;144;1817;2025-11-01:12:15:00;8728.579
2025-11-01:18:02:50;17938.538;3238.95;731;220;3.49;156;1817;2025-11-01:12:15:00;8728.579
2025-11-01:18:03:05;17938.542;3238.95;867;220.1;4.23;170;1817;2025-11-01:12:15:00;8728.579
2025-11-01:18:03:20;17938.545;3238.95;845;220.4;4.11;184;1817;2025-11-01:12:15:00;8728.579
2025-11-01:18:03:35;17938.549;3238.95;814;220.3;3.97;198;1817;2025-11-01:12:15:00;8728.579
2025-11-01:18:03:50;17938.552;3238.95;811;219.8;3.96;212;1817;2025-11-01:12:15:00;8728.579
2025-11-01:18:04:05;17938.556;3238.95;814;220.4;3.96;225;1817;2025-11-01:12:15:00;8728.579
2025-11-01:18:04:20;17938.559;3238.95;808;220.2;3.98;239;1817;2025-11-01:12:15:00;8728.579
2025-11-01:18:04:35;17938.562;3238.95;808;219.1;3.95;252;1817;2025-11-01:12:15:00;8728.579
2025-11-01:18:04:50;17938.566;3238.95;829;220;4.05;266;1817;2025-11-01:12:15:00;8728.579
2025-11-01:18:05:05;17938.569;3238.95;838;220.2;4.07;279;1817;2025-11-01:12:15:00;8728.579
2025-11-01:18:05:20;17938.573;3238.95;836;220.7;4.06;293;1817;2025-11-01:12:15:00;8728.579
2025-11-01:18:05:35;17938.576;3238.95;822;220.5;4.01;307;1817;2025-11-01:12:15:00;8728.579
2025-11-01:18:05:50;17938.58;3238.95;831;220.9;4.03;322;1817;2025-11-01:12:15:00;8728.579
2025-11-01:18:06:06;17938.583;3238.95;817;220.5;3.97;336;1817;2025-11-01:12:15:00;8728.579
2025-11-01:18:06:21;17938.587;3238.95;823;219.9;4.02;349;1817;2025-11-01:12:15:00;8728.579
2025-11-01:18:06:36;17938.59;3238.95;838;221.9;4.05;363;1817;2025-11-01:12:15:00;8728.579
2025-11-01:18:06:51;17938.594;3238.95;830;223;3.96;377;1817;2025-11-01:12:15:00;8728.579
2025-11-01:18:07:06;17938.597;3238.95;839;223.5;3.99;391;1817;2025-11-01:12:15:00;8728.579
2025-11-01:18:07:21;17938.601;3238.95;907;223.5;4.46;405;1817;2025-11-01:12:15:00;8728.579
2025-11-01:18:07:36;17938.604;3238.95;854;224;4.1;419;1817;2025-11-01:12:15:00;8728.579
2025-11-01:18:07:51;17938.608;3238.95;837;223.1;4.09;433;1817;2025-11-01:12:15:00;8728.579
2025-11-01:18:08:06;17938.611;3238.95;840;223;4.04;447;1817;2025-11-01:12:15:00;8728.579
2025-11-01:18:08:21;17938.615;3238.95;836;224.6;3.99;461;1817;2025-11-01:12:15:00;8728.579
2025-11-01:18:08:36;17938.618;3238.95;840;225.5;3.99;475;1817;2025-11-01:12:15:00;8728.579
2025-11-01:18:08:51;17938.622;3238.95;833;224.4;3.98;489;1817;2025-11-01:12:15:00;8728.579
2025-11-01:18:09:06;17938.625;3238.95;834;222.8;4.01;503;1817;2025-11-01:12:15:00;8728.579
2025-11-01:18:09:21;17938.629;3238.95;824;221.9;3.98;517;1817;2025-11-01:12:15:00;8728.579
2025-11-01:18:09:36;17938.632;3238.95;823;221.9;3.97;532;1817;2025-11-01:12:15:00;8728.579
2025-11-01:18:09:52;17938.636;3238.95;821;222;3.96;545;1817;2025-11-01:12:15:00;8728.579
2025-11-01:18:10:07;17938.639;3238.95;821;222;3.95;559;1817;2025-11-01:12:15:00;8728.579
2025-11-01:18:10:22;17938.643;3238.95;826;221.6;3.98;573;1817;2025-11-01:12:15:00;8728.579
2025-11-01:18:10:37;17938.646;3238.95;824;222.2;3.96;587;1817;2025-11-01:12:15:00;8728.579
2025-11-01:18:10:52;17938.649;3238.95;815;222;3.93;600;1817;2025-11-01:12:15:00;8728.579
2025-11-01:18:11:07;17938.653;3238.95;819;220;4;614;1817;2025-11-01:12:15:00;8728.579
2025-11-01:18:11:22;17938.656;3238.95;831;219.6;4.07;628;1817;2025-11-01:12:15:00;8728.579
2025-11-01:18:11:37;17938.66;3238.95;827;219.9;4.04;642;1817;2025-11-01:12:15:00;8728.579
2025-11-01:18:11:52;17938.663;3238.95;819;219.6;4.03;655;1817;2025-11-01:12:15:00;8728.579
2025-11-01:18:12:07;17938.667;3238.95;822;219.3;4.03;669;1817;2025-11-01:12:15:00;8728.579
2025-11-01:18:12:22;17938.67;3238.95;810;219.2;3.98;683;1817;2025-11-01:12:15:00;8728.579
2025-11-01:18:12:37;17938.673;3238.95;824;219.8;4.03;696;1817;2025-11-01:12:15:00;8728.579
2025-11-01:18:12:52;17938.677;3238.95;833;219.2;4.1;710;1817;2025-11-01:12:15:00;8728.579
2025-11-01:18:13:07;17938.68;3238.95;834;219.6;4.09;724;1817;2025-11-01:12:15:00;8728.579
2025-11-01:18:13:22;17938.684;3238.95;837;221.5;4.05;738;1817;2025-11-01:12:15:00;8728.579
2025-11-01:18:13:37;17938.687;3238.95;832;218.3;4.13;752;1817;2025-11-01:12:15:00;8728.579
2025-11-01:18:13:52;17938.691;3238.95;837;217.7;4.14;765;1817;2025-11-01:12:15:00;8728.579
2025-11-01:18:14:07;17938.694;3238.95;819;217.6;4.05;780;1817;2025-11-01:12:15:00;8728.579
2025-11-01:18:14:23;17938.698;3238.95;820;218.1;4.06;794;1817;2025-11-01:12:15:00;8728.579
2025-11-01:18:14:38;17938.701;3238.95;817;218.4;4.03;807;1817;2025-11-01:12:15:00;8728.579
2025-11-01:18:14:53;17938.705;3238.95;816;218.5;4.02;13;1817;2025-11-01:12:15:00;8728.579
2025-11-01:18:15:08;17938.708;3238.95;848;219.8;4.14;27;1817;2025-11-01:12:15:00;8728.579
2025-11-01:18:15:23;17938.712;3238.95;793;219.6;3.87;41;1817;2025-11-01:12:15:00;8728.579
2025-11-01:18:15:38;17938.715;3238.95;780;219.9;3.8;54;1817;2025-11-01:12:15:00;8728.579
2025-11-01:18:15:53;17938.718;3238.95;706;220.3;3.48;67;1817;2025-11-01:12:15:00;8728.579
2025-11-01:18:16:08;17938.721;3238.95;745;221.9;3.61;79;1817;2025-11-01:12:15:00;8728.579
2025-11-01:18:16:23;17938.724;3238.95;711;221.8;3.47;91;1817;2025-11-01:12:15:00;8728.579
2025-11-01:18:16:38;17938.727;3238.95;711;222.1;3.48;103;1817;2025-11-01:12:15:00;8728.579
2025-11-01:18:16:53;17938.73;3238.95;712;221.5;3.48;115;1817;2025-11-01:12:15:00;8728.579
2025-11-01:18:17:08;17938.733;3238.95;717;222.2;3.49;127;1817;2025-11-01:12:15:00;8728.579
2025-11-01:18:17:23;17938.736;3238.95;711;222.1;3.46;139;1817;2025-11-01:12:15:00;8728.579
2025-11-01:18:17:38;17938.739;3238.95;708;222.8;3.46;151;1817;2025-11-01:12:15:00;8728.579
2025-11-01:18:17:53;17938.742;3238.95;703;222.8;3.43;163;1817;2025-11-01:12:15:00;8728.579
2025-11-01:18:18:08;17938.745;3238.95;735;223;3.57;174;1817;2025-11-01:12:15:00;8728.579
2025-11-01:18:18:23;17938.748;3238.95;739;225.6;3.51;187;1817;2025-11-01:12:15:00;8728.579
2025-11-01:18:18:38;17938.751;3238.95;685;220.3;3.39;199;1817;2025-11-01:12:15:00;8728.579
2025-11-01:18:18:53;17938.755;3238.95;811;221.2;3.91;212;1817;2025-11-01:12:15:00;8728.579
2025-11-01:18:19:09;17938.758;3238.95;846;220.9;4.12;227;1817;2025-11-01:12:15:00;8728.579
2025-11-01:18:19:24;17938.762;3238.95;844;219.4;4.15;241;1817;2025-11-01:12:15:00;8728.579
2025-11-01:18:19:39;17938.771;3238.95;2579;215;12.09;278;1817;2025-11-01:12:15:00;8728.579
2025-11-01:18:19:54;17938.782;3238.95;2570;215.3;12.03;321;1817;2025-11-01:12:15:00;8728.579
2025-11-01:18:20:09;17938.792;3238.95;2558;214.7;12.01;364;1817;2025-11-01:12:15:00;8728.579
2025-11-01:18:20:24;17938.803;3238.95;2547;214.8;11.96;406;1817;2025-11-01:12:15:00;8728.579
2025-11-01:18:20:39;17938.813;3238.95;2526;214.3;11.89;448;1817;2025-11-01:12:15:00;8728.579
2025-11-01:18:20:54;17938.824;3238.95;2521;214.4;11.86;490;1817;2025-11-01:12:15:00;8728.579
2025-11-01:18:21:09;17938.834;3238.95;2490;213.1;11.78;532;1817;2025-11-01:12:15:00;8728.579
2025-11-01:18:21:24;17938.845;3238.95;2499;213.6;11.8;574;1817;2025-11-01:12:15:00;8728.579
2025-11-01:18:21:39;17938.855;3238.95;2492;213.3;11.79;615;1817;2025-11-01:12:15:00;8728.579
2025-11-01:18:21:54;17938.866;3238.95;2537;215.4;11.88;657;1817;2025-11-01:12:15:00;8728.579
2025-11-01:18:22:09;17938.871;3238.95;867;219.2;4.28;680;1817;2025-11-01:12:15:00;8728.579
2025-11-01:18:22:24;17938.875;3238.95;900;219.4;4.51;695;1817;2025-11-01:12:15:00;8728.579
2025-11-01:18:22:39;17938.879;3238.95;850;219.7;4.18;710;1817;2025-11-01:12:15:00;8728.579
2025-11-01:18:22:54;17938.883;3238.95;831;219.5;4.09;725;1817;2025-11-01:12:15:00;8728.579
2025-11-01:18:23:09;17938.889;3238.95;821;219.4;4.04;752;1817;2025-11-01:12:15:00;8728.579
2025-11-01:18:23:25;17938.899;3238.95;2533;215.2;11.88;792;1817;2025-11-01:12:15:00;8728.579
2025-11-01:18:23:40;17938.91;3238.95;2486;213.4;11.75;833;1817;2025-11-01:12:15:00;8728.579
2025-11-01:18:23:55;17938.92;3238.95;2485;214;11.71;875;1817;2025-11-01:12:15:00;8728.579
2025-11-01:18:24:10;17938.93;3238.95;2484;213.7;11.72;916;1817;2025-11-01:12:15:00;8728.579
2025-11-01:18:24:25;17938.941;3238.95;2529;216.6;11.77;958;1817;2025-11-01:12:15:00;8728.579
2025-11-01:18:24:40;17938.951;3238.95;2520;216;11.76;1000;1817;2025-11-01:12:15:00;8728.579
2025-11-01:18:24:55;17938.962;3238.95;2604;216.8;12.34;1042;1817;2025-11-01:12:15:00;8728.579
2025-11-01:18:25:10;17938.973;3238.95;2732;215.7;12.88;1087;1817;2025-11-01:12:15:00;8728.579
2025-11-01:18:25:25;17938.984;3238.95;2698;216;12.71;1132;1817;2025-11-01:12:15:00;8728.579
2025-11-01:18:25:40;17938.995;3238.95;2644;213.7;12.59;1177;1817;2025-11-01:12:15:00;8728.579
2025-11-01:18:25:55;17939.007;3238.95;2649;213.7;12.61;1221;1817;2025-11-01:12:15:00;8728.579
2025-11-01:18:26:10;17939.018;3238.95;2637;213.4;12.57;1265;1817;2025-11-01:12:15:00;8728.579
2025-11-01:18:26:25;17939.029;3238.95;2646;213.8;12.59;1310;1817;2025-11-01:12:15:00;8728.579
2025-11-01:18:26:40;17939.04;3238.95;2640;213.6;12.57;1354;1817;2025-11-01:12:15:00;8728.579
2025-11-01:18:26:55;17939.051;3238.95;2649;214.2;12.58;1398;1817;2025-11-01:12:15:00;8728.579
2025-11-01:18:27:10;17939.062;3238.95;2642;213.6;12.58;1445;1817;2025-11-01:12:15:00;8728.579
2025-11-01:18:27:25;17939.072;3238.95;1008;217.5;5.19;1481;1817;2025-11-01:12:15:00;8728.579
2025-11-01:18:27:40;17939.076;3238.95;2700;214.5;12.8;1500;1817;2025-11-01:12:15:00;8728.579
2025-11-01:18:27:56;17939.088;3238.95;2730;216.6;12.81;1545;1817;2025-11-01:12:15:00;8728.579
2025-11-01:18:28:11;17939.099;3238.95;2712;216.1;12.76;1591;1817;2025-11-01:12:15:00;8728.579
2025-11-01:18:28:26;17939.11;3238.95;2715;216.3;12.77;1636;1817;2025-11-01:12:15:00;8728.579
2025-11-01:18:28:41;17939.121;3238.95;1036;219.8;5.26;1679;1817;2025-11-01:12:15:00;8728.579
2025-11-01:18:28:56;17939.125;3238.95;1035;220.2;5.28;1696;1817;2025-11-01:12:15:00;8728.579
2025-11-01:18:29:11;17939.135;3238.95;2713;215.9;12.78;1735;1817;2025-11-01:12:15:00;8728.579
2025-11-01:18:29:26;17939.146;3238.95;2716;216.1;12.77;1781;1817;2025-11-01:12:15:00;8728.579
2025-11-01:18:29:41;17939.158;3238.95;2664;213.6;12.68;8;1817;2025-11-01:12:15:00;8728.579
2025-11-01:18:29:56;17939.167;3238.95;1021;217.7;5.24;46;1817;2025-11-01:12:15:00;8728.579
2025-11-01:18:30:11;17939.171;3238.95;1031;217.8;5.26;63;1817;2025-11-01:12:15:00;8728.579
2025-11-01:18:30:26;17939.182;3238.95;2758;216.1;12.99;105;1817;2025-11-01:12:15:00;8728.579
2025-11-01:18:30:41;17939.193;3238.95;2739;216.3;12.88;150;1817;2025-11-01:12:15:00;8728.579
2025-11-01:18:30:56;17939.199;3238.95;1043;220.4;5.34;175;1817;2025-11-01:12:15:00;8728.579
2025-11-01:18:31:11;17939.21;3238.95;2702;219.6;12.61;218;1817;2025-11-01:12:15:00;8728.579
2025-11-01:18:31:26;17939.216;3238.95;956;224.1;5.09;244;1817;2025-11-01:12:15:00;8728.579
2025-11-01:18:31:41;17939.223;3238.95;2699;219.6;12.59;269;1817;2025-11-01:12:15:00;8728.579
2025-11-01:18:31:56;17939.234;3238.95;2703;220.2;12.57;314;1817;2025-11-01:12:15:00;8728.579
2025-11-01:18:32:11;17939.245;3238.95;2710;221.1;12.56;360;1817;2025-11-01:12:15:00;8728.579
2025-11-01:18:32:26;17939.253;3238.95;957;225.5;5.05;389;1817;2025-11-01:12:15:00;8728.579
2025-11-01:18:32:42;17939.257;3238.95;948;221.2;5.1;405;1817;2025-11-01:12:15:00;8728.579
2025-11-01:18:32:57;17939.266;3238.95;2654;217.4;12.51;444;1817;2025-11-01:12:15:00;8728.579
2025-11-01:18:33:12;17939.277;3238.95;2643;217.4;12.46;488;1817;2025-11-01:12:15:00;8728.579
2025-11-01:18:33:27;17939.288;3238.95;961;221.6;5.13;532;1817;2025-11-01:12:15:00;8728.579
2025-11-01:18:33:42;17939.292;3238.95;944;221.5;5.13;548;1817;2025-11-01:12:15:00;8728.579
2025-11-01:18:33:57;17939.298;3238.95;2667;217.5;12.56;570;1817;2025-11-01:12:15:00;8728.579
2025-11-01:18:34:12;17939.309;3238.95;2662;217.6;12.54;614;1817;2025-11-01:12:15:00;8728.579
2025-11-01:18:34:27;17939.32;3238.95;2641;217.7;12.45;659;1817;2025-11-01:12:15:00;8728.579
2025-11-01:18:34:42;17939.328;3238.95;947;221.9;5.14;689;1817;2025-11-01:12:15:00;8728.579
2025-11-01:18:34:57;17939.332;3238.95;943;221.9;5.08;705;1817;2025-11-01:12:15:00;8728.579
2025-11-01:18:35:12;17939.34;3238.95;2658;217.8;12.5;739;1817;2025-11-01:12:15:00;8728.579
2025-11-01:18:35:27;17939.351;3238.95;2656;217.5;12.52;784;1817;2025-11-01:12:15:00;8728.579
2025-11-01:18:35:42;17939.362;3238.95;1983;217.5;10.28;828;1817;2025-11-01:12:15:00;8728.579
2025-11-01:18:35:57;17939.366;3238.95;943;219.5;5.14;845;1817;2025-11-01:12:15:00;8728.579
2025-11-01:18:36:12;17939.371;3238.95;2644;216.1;12.54;862;1817;2025-11-01:12:15:00;8728.579
2025-11-01:18:36:27;17939.383;3238.95;2627;215.8;12.48;909;1817;2025-11-01:12:15:00;8728.579
2025-11-01:18:36:42;17939.393;3238.95;2628;215.6;12.5;953;1817;2025-11-01:12:15:00;8728.579
2025-11-01:18:36:57;17939.401;3238.95;962;219.2;5.21;984;1817;2025-11-01:12:15:00;8728.579
2025-11-01:18:37:12;17939.405;3238.95;938;219.2;5.18;1000;1817;2025-11-01:12:15:00;8728.579
2025-11-01:18:37:28;17939.415;3238.95;2636;216;12.51;1037;1817;2025-11-01:12:15:00;8728.579
2025-11-01:18:37:43;17939.425;3238.95;2608;215.2;12.42;1080;1817;2025-11-01:12:15:00;8728.579
2025-11-01:18:37:58;17939.436;3238.95;2609;214.9;12.45;1124;1817;2025-11-01:12:15:00;8728.579
2025-11-01:18:38:13;17939.446;3238.95;919;213.8;5.11;1163;1817;2025-11-01:12:15:00;8728.579
2025-11-01:18:38:28;17939.45;3238.95;924;214.1;5.11;1179;1817;2025-11-01:12:15:00;8728.579
2025-11-01:18:38:43;17939.456;3238.95;2519;210;12.31;1203;1817;2025-11-01:12:15:00;8728.579
2025-11-01:18:38:58;17939.467;3238.95;2544;211.9;12.32;1245;1817;2025-11-01:12:15:00;8728.579
2025-11-01:18:39:13;17939.477;3238.95;2537;212.2;12.26;1288;1817;2025-11-01:12:15:00;8728.579
2025-11-01:18:39:28;17939.486;3238.95;912;215.9;5.06;1324;1817;2025-11-01:12:15:00;8728.579
2025-11-01:18:39:43;17939.49;3238.95;907;213;5.1;1339;1817;2025-11-01:12:15:00;8728.579
2025-11-01:18:39:58;17939.497;3238.95;2483;209;12.19;1368;1817;2025-11-01:12:15:00;8728.579
2025-11-01:18:40:13;17939.508;3238.95;2488;209.3;12.2;1409;1817;2025-11-01:12:15:00;8728.579
2025-11-01:18:40:28;17939.519;3238.95;2475;209.1;12.15;1453;1817;2025-11-01:12:15:00;8728.579
2025-11-01:18:40:43;17939.525;3238.95;908;212.9;5.16;1479;1817;2025-11-01:12:15:00;8728.579
2025-11-01:18:40:58;17939.529;3238.95;910;213.2;5.09;1494;1817;2025-11-01:12:15:00;8728.579
2025-11-01:18:41:13;17939.539;3238.95;2501;211.2;12.15;1534;1817;2025-11-01:12:15:00;8728.579
2025-11-01:18:41:29;17939.55;3238.95;2519;212.7;12.14;1576;1817;2025-11-01:12:15:00;8728.579
2025-11-01:18:41:44;17939.56;3238.95;1688;214.7;9.19;1617;1817;2025-11-01:12:15:00;8728.579
2025-11-01:18:41:59;17939.564;3238.95;883;216.7;4.91;1632;1817;2025-11-01:12:15:00;8728.579
2025-11-01:18:42:14;17939.569;3238.95;2527;212.9;12.17;1653;1817;2025-11-01:12:15:00;8728.579
2025-11-01:18:42:29;17939.579;3238.95;2527;213;12.17;1695;1817;2025-11-01:12:15:00;8728.579
2025-11-01:18:42:44;17939.59;3238.95;2548;213.6;12.23;1737;1817;2025-11-01:12:15:00;8728.579
2025-11-01:18:42:59;17939.598;3238.95;898;218.8;4.99;1768;1817;2025-11-01:12:15:00;8728.579
2025-11-01:18:43:14;17939.601;3238.95;925;219;5.05;1783;1817;2025-11-01:12:15:00;8728.579
2025-11-01:18:43:29;17939.609;3238.95;2563;214.8;12.23;1813;1817;2025-11-01:12:15:00;8728.579
2025-11-01:18:43:44;17939.62;3238.95;2556;214.5;12.22;1856;1817;2025-11-01:12:15:00;8728.579
2025-11-01:18:43:59;17939.63;3238.95;2507;212.2;12.11;1898;1817;2025-11-01:12:15:00;8728.579
2025-11-01:18:44:14;17939.635;3238.95;885;216.3;4.92;1916;1817;2025-11-01:12:15:00;8728.579
2025-11-01:18:44:29;17939.638;3238.95;892;217.6;4.9;1931;1817;2025-11-01:12:15:00;8728.579
2025-11-01:18:44:44;17939.649;3238.95;2559;214.3;12.24;17;1955;2025-11-01:18:45:00;8728.579
2025-11-01:18:44:59;17939.659;3238.95;2551;213.6;12.25;59;1955;2025-11-01:18:45:00;8728.579
2025-11-01:18:45:14;17939.668;3238.95;890;217.5;4.99;94;1955;2025-11-01:18:45:00;8728.579
2025-11-01:18:45:29;17939.672;3238.95;892;217.8;4.93;108;1955;2025-11-01:18:45:00;8728.579
2025-11-01:18:45:44;17939.678;3238.95;2560;213.9;12.28;135;1955;2025-11-01:18:45:00;8728.579
2025-11-01:18:45:59;17939.686;3238.95;871;218;4.91;166;1955;2025-11-01:18:45:00;8728.579
2025-11-01:18:46:15;17939.691;3238.95;892;218;4.93;186;1955;2025-11-01:18:45:00;8728.579
2025-11-01:18:46:30;17939.695;3238.95;889;216.1;4.94;201;1955;2025-11-01:18:45:00;8728.579
2025-11-01:18:46:45;17939.698;3238.95;888;216.6;4.94;216;1955;2025-11-01:18:45:00;8728.579
2025-11-01:18:47:00;17939.702;3238.95;891;216.3;4.96;231;1955;2025-11-01:18:45:00;8728.579
2025-11-01:18:47:15;17939.706;3238.95;897;216.9;4.96;245;1955;2025-11-01:18:45:00;8728.579
2025-11-01:18:47:30;17939.709;3238.95;866;216.9;4.88;260;1955;2025-11-01:18:45:00;8728.579
2025-11-01:18:47:45;17939.713;3238.95;866;217.2;4.9;274;1955;2025-11-01:18:45:00;8728.579
2025-11-01:18:48:00;17939.717;3238.95;875;218.9;4.94;289;1955;2025-11-01:18:45:00;8728.579
2025-11-01:18:48:15;17939.72;3238.95;881;219.4;4.94;304;1955;2025-11-01:18:45:00;8728.579
2025-11-01:18:48:30;17939.724;3238.95;881;221.7;4.9;318;1955;2025-11-01:18:45:00;8728.579
2025-11-01:18:48:45;17939.728;3238.95;887;220.5;4.95;333;1955;2025-11-01:18:45:00;8728.579
2025-11-01:18:49:00;17939.731;3238.95;874;220.2;4.92;347;1955;2025-11-01:18:45:00;8728.579
2025-11-01:18:49:15;17939.735;3238.95;880;220;4.92;362;1955;2025-11-01:18:45:00;8728.579
2025-11-01:18:49:30;17939.739;3238.95;890;220.4;4.95;377;1955;2025-11-01:18:45:00;8728.579
2025-11-01:18:49:45;17939.743;3238.95;893;220.8;4.94;393;1955;2025-11-01:18:45:00;8728.579
2025-11-01:18:50:00;17939.746;3238.95;892;220.8;4.96;408;1955;2025-11-01:18:45:00;8728.579
2025-11-01:18:50:16;17939.75;3238.95;891;221;4.95;422;1955;2025-11-01:18:45:00;8728.579
2025-11-01:18:50:31;17939.754;3238.95;875;220.1;4.9;437;1955;2025-11-01:18:45:00;8728.579
2025-11-01:18:50:46;17939.757;3238.95;844;220.5;4.09;452;1955;2025-11-01:18:45:00;8728.579
2025-11-01:18:51:01;17939.761;3238.95;821;220.2;4;466;1955;2025-11-01:18:45:00;8728.579
2025-11-01:18:51:16;17939.764;3238.95;844;220.4;4.11;479;1955;2025-11-01:18:45:00;8728.579
2025-11-01:18:51:31;17939.768;3238.95;863;220.3;4.24;494;1955;2025-11-01:18:45:00;8728.579
2025-11-01:18:51:46;17939.772;3238.95;906;220.6;4.39;508;1955;2025-11-01:18:45:00;8728.579
2025-11-01:18:52:01;17939.775;3238.95;879;220.1;4.29;523;1955;2025-11-01:18:45:00;8728.579
2025-11-01:18:52:16;17939.779;3238.95;878;220.9;4.27;538;1955;2025-11-01:18:45:00;8728.579
2025-11-01:18:52:31;17939.783;3238.95;876;220.9;4.27;552;1955;2025-11-01:18:45:00;8728.579
2025-11-01:18:52:46;17939.786;3238.95;868;220.6;4.24;567;1955;2025-11-01:18:45:00;8728.579
2025-11-01:18:53:01;17939.79;3238.95;865;220.1;4.23;581;1955;2025-11-01:18:45:00;8728.579
2025-11-01:18:53:16;17939.793;3238.95;865;220.4;4.23;596;1955;2025-11-01:18:45:00;8728.579
2025-11-01:18:53:31;17939.797;3238.95;873;220;4.26;610;1955;2025-11-01:18:45:00;8728.579
2025-11-01:18:53:46;17939.801;3238.95;870;220.5;4.26;625;1955;2025-11-01:18:45:00;8728.579
2025-11-01:18:54:01;17939.805;3238.95;876;221.3;4.27;640;1955;2025-11-01:18:45:00;8728.579
2025-11-01:18:54:17;17939.808;3238.95;879;221.1;4.27;655;1955;2025-11-01:18:45:00;8728.579
2025-11-01:18:54:33;17939.812;3238.95;877;221;4.27;670;1955;2025-11-01:18:45:00;8728.579
2025-11-01:18:54:48;17939.816;3238.95;882;220.6;4.3;685;1955;2025-11-01:18:45:00;8728.666
2025-11-01:18:55:03;17939.819;3238.95;874;220.6;4.27;700;1955;2025-11-01:18:45:00;8728.666
2025-11-01:18:55:18;17939.823;3238.95;914;222.7;4.45;715;1955;2025-11-01:18:45:00;8728.666
2025-11-01:18:55:33;17939.827;3238.95;906;222.6;4.43;730;1955;2025-11-01:18:45:00;8728.666
2025-11-01:18:55:48;17939.831;3238.95;906;222.9;4.41;745;1955;2025-11-01:18:45:00;8728.666
2025-11-01:18:56:03;17939.835;3238.95;907;222.9;4.43;760;1955;2025-11-01:18:45:00;8728.666
2025-11-01:18:56:18;17939.838;3238.95;925;223.8;4.46;776;1955;2025-11-01:18:45:00;8728.666
2025-11-01:18:56:33;17939.842;3238.95;913;224.3;4.42;791;1955;2025-11-01:18:45:00;8728.666
2025-11-01:18:56:48;17939.846;3238.95;913;223.9;4.42;806;1955;2025-11-01:18:45:00;8728.666
2025-11-01:18:57:03;17939.85;3238.95;924;224;4.47;821;1955;2025-11-01:18:45:00;8728.666
2025-11-01:18:57:18;17939.854;3238.95;911;224.1;4.41;837;1955;2025-11-01:18:45:00;8728.666
2025-11-01:18:57:33;17939.857;3238.95;928;224.1;4.49;852;1955;2025-11-01:18:45:00;8728.666
2025-11-01:18:57:48;17939.861;3238.95;917;224;4.43;867;1955;2025-11-01:18:45:00;8728.666
2025-11-01:18:58:03;17939.865;3238.95;918;224.2;4.44;883;1955;2025-11-01:18:45:00;8728.666
2025-11-01:18:58:18;17939.869;3238.95;903;224;4.38;898;1955;2025-11-01:18:45:00;8728.666
2025-11-01:18:58:35;17939.873;3238.95;928;224.9;4.47;913;1955;2025-11-01:18:45:00;8728.666
2025-11-01:18:58:50;17939.877;3238.95;913;224.6;4.4;930;1955;2025-11-01:18:45:00;8728.666
2025-11-01:18:59:05;17939.881;3238.95;910;224.5;4.4;946;1955;2025-11-01:18:45:00;8728.666
2025-11-01:18:59:20;17939.885;3238.95;916;224.6;4.41;961;1955;2025-11-01:18:45:00;8728.666
2025-11-01:18:59:35;17939.888;3238.95;915;224.8;4.42;976;1955;2025-11-01:18:45:00;8728.666
2025-11-01:18:59:50;17939.892;3238.95;955;226.4;4.55;12;1955;2025-11-01:18:45:00;8728.666
2025-11-01:19:00:05;17939.896;3238.95;958;225.8;4.57;28;1955;2025-11-01:18:45:00;8728.666
2025-11-01:19:00:20;17939.9;3238.95;943;226.1;4.5;44;1955;2025-11-01:18:45:00;8728.666
2025-11-01:19:00:35;17939.904;3238.95;953;225.4;4.56;60;1955;2025-11-01:18:45:00;8728.921
2025-11-01:19:00:50;17939.908;3238.95;951;225.5;4.56;76;1955;2025-11-01:18:45:00;8728.921
2025-11-01:19:01:05;17939.912;3238.95;949;224.9;4.56;92;1955;2025-11-01:18:45:00;8728.921
2025-11-01:19:01:20;17939.916;3238.95;959;225.6;4.57;108;1955;2025-11-01:18:45:00;8728.921
2025-11-01:19:01:35;17939.92;3238.95;918;225;4.4;123;1955;2025-11-01:18:45:00;8728.921
2025-11-01:19:01:50;17939.924;3238.95;939;225.5;4.47;139;1955;2025-11-01:18:45:00;8728.921
2025-11-01:19:02:05;17939.928;3238.95;935;225.2;4.47;154;1955;2025-11-01:18:45:00;8728.921
2025-11-01:19:02:20;17939.932;3238.95;935;225.4;4.44;170;1955;2025-11-01:18:45:00;8728.921
2025-11-01:19:02:35;17939.936;3238.95;936;225.6;4.46;185;1955;2025-11-01:18:45:00;8728.921
2025-11-01:19:02:50;17939.94;3238.95;933;225.5;4.47;202;1955;2025-11-01:18:45:00;8728.921
2025-11-01:19:03:06;17939.944;3238.95;931;225.3;4.42;218;1955;2025-11-01:18:45:00;8728.921
2025-11-01:19:03:21;17939.948;3238.95;900;225.7;4.26;233;1955;2025-11-01:18:45:00;8728.921
2025-11-01:19:03:37;17939.951;3238.95;906;225.7;4.28;248;1955;2025-11-01:18:45:00;8728.921
2025-11-01:19:03:52;17939.955;3238.95;902;225.6;4.29;264;1955;2025-11-01:18:45:00;8728.921
2025-11-01:19:04:07;17939.959;3238.95;910;226.1;4.31;279;1955;2025-11-01:18:45:00;8728.921
2025-11-01:19:04:22;17939.963;3238.95;917;225.8;4.35;294;1955;2025-11-01:18:45:00;8728.921
2025-11-01:19:04:37;17939.967;3238.95;910;226;4.31;310;1955;2025-11-01:18:45:00;8728.921
2025-11-01:19:04:52;17939.971;3238.95;904;225.5;4.3;325;1955;2025-11-01:18:45:00;8728.958
2025-11-01:19:05:07;17939.974;3238.95;914;225.6;4.33;340;1955;2025-11-01:18:45:00;8728.958
2025-11-01:19:05:22;17939.978;3238.95;900;225.7;4.27;356;1955;2025-11-01:18:45:00;8728.958
2025-11-01:19:05:37;17939.982;3238.95;913;225.2;4.32;371;1955;2025-11-01:18:45:00;8728.958
2025-11-01:19:05:53;17939.986;3238.95;920;226.3;4.32;386;1955;2025-11-01:18:45:00;8728.958
2025-11-01:19:06:08;17939.99;3238.95;898;226.1;4.24;401;1955;2025-11-01:18:45:00;8728.958
2025-11-01:19:06:23;17939.994;3238.95;914;226.4;4.3;417;1955;2025-11-01:18:45:00;8728.958
2025-11-01:19:06:38;17939.998;3238.95;964;225.8;4.69;435;1955;2025-11-01:18:45:00;8728.958
2025-11-01:19:06:53;17940.002;3238.95;970;226.3;4.71;451;1955;2025-11-01:18:45:00;8728.958
2025-11-01:19:07:08;17940.006;3238.95;978;225.9;4.74;467;1955;2025-11-01:18:45:00;8728.958
2025-11-01:19:07:23;17940.01;3238.95;991;226;4.8;484;1955;2025-11-01:18:45:00;8728.958
2025-11-01:19:07:38;17940.014;3238.95;1001;225.7;4.85;500;1955;2025-11-01:18:45:00;8728.958
2025-11-01:19:07:53;17940.019;3238.95;1004;226.1;4.86;517;1955;2025-11-01:18:45:00;8728.958
2025-11-01:19:08:08;17940.023;3238.95;996;226.6;4.81;535;1955;2025-11-01:18:45:00;8728.958
2025-11-01:19:08:23;17940.027;3238.95;999;226.4;4.82;551;1955;2025-11-01:18:45:00;8728.958
2025-11-01:19:08:38;17940.031;3238.95;995;226.4;4.81;568;1955;2025-11-01:18:45:00;8728.958
2025-11-01:19:08:54;17940.036;3238.95;1007;226.8;4.84;585;1955;2025-11-01:18:45:00;8728.958
2025-11-01:19:09:09;17940.04;3238.95;994;226.5;4.8;601;1955;2025-11-01:18:45:00;8728.958
2025-11-01:19:09:24;17940.044;3238.95;1005;227.1;4.83;618;1955;2025-11-01:18:45:00;8728.958
2025-11-01:19:09:39;17940.048;3238.95;1004;226.6;4.84;635;1955;2025-11-01:18:45:00;8728.958
2025-11-01:19:09:54;17940.052;3238.95;1006;227.1;4.83;651;1955;2025-11-01:18:45:00;8728.958
2025-11-01:19:10:09;17940.056;3238.95;989;226.4;4.78;668;1955;2025-11-01:18:45:00;8728.958
2025-11-01:19:10:24;17940.061;3238.95;987;226.8;4.77;684;1955;2025-11-01:18:45:00;8728.958
2025-11-01:19:10:39;17940.065;3238.95;986;226.7;4.77;701;1955;2025-11-01:18:45:00;8728.958
2025-11-01:19:10:54;17940.069;3238.95;1000;227.1;4.82;717;1955;2025-11-01:18:45:00;8728.958
2025-11-01:19:11:09;17940.073;3238.95;985;226.9;4.77;734;1955;2025-11-01:18:45:00;8728.958
2025-11-01:19:11:24;17940.077;3238.95;984;226.8;4.77;750;1955;2025-11-01:18:45:00;8728.958
2025-11-01:19:11:39;17940.081;3238.95;990;226.9;4.78;767;1955;2025-11-01:18:45:00;8728.958
2025-11-01:19:11:54;17940.085;3238.95;1000;226.6;4.83;783;1955;2025-11-01:18:45:00;8728.958
2025-11-01:19:12:09;17940.089;3238.95;889;227.2;4.2;800;1955;2025-11-01:18:45:00;8728.958
2025-11-01:19:12:24;17940.093;3238.95;910;227.1;4.28;815;1955;2025-11-01:18:45:00;8728.958
2025-11-01:19:12:39;17940.097;3238.95;892;227.8;4.2;830;1955;2025-11-01:18:45:00;8728.958
2025-11-01:19:12:54;17940.101;3238.95;902;227.8;4.25;846;1955;2025-11-01:18:45:00;8728.958
2025-11-01:19:13:09;17940.105;3238.95;896;226.9;4.23;861;1955;2025-11-01:18:45:00;8728.958
2025-11-01:19:13:25;17940.108;3238.95;898;227.6;4.21;876;1955;2025-11-01:18:45:00;8728.958
2025-11-01:19:13:40;17940.112;3238.95;892;227.2;4.21;891;1955;2025-11-01:18:45:00;8728.958
2025-11-01:19:13:55;17940.116;3238.95;893;227.5;4.2;905;1955;2025-11-01:18:45:00;8728.958
2025-11-01:19:14:10;17940.119;3238.95;895;227.5;4.2;920;1955;2025-11-01:18:45:00;8728.958
2025-11-01:19:14:25;17940.123;3238.95;897;227.5;4.22;935;1955;2025-11-01:18:45:00;8728.958
2025-11-01:19:14:40;17940.127;3238.95;834;227.7;3.89;1;1955;2025-11-01:18:45:00;8728.958
2025-11-01:19:14:55;17940.13;3238.95;822;228;3.86;15;1955;2025-11-01:18:45:00;8728.958
2025-11-01:19:15:10;17940.134;3238.95;823;228.1;3.86;29;1955;2025-11-01:18:45:00;8728.958
2025-11-01:19:15:25;17940.137;3238.95;818;227.7;3.85;43;1955;2025-11-01:18:45:00;8728.958
2025-11-01:19:15:40;17940.14;3238.95;823;228.2;3.86;56;1955;2025-11-01:18:45:00;8728.958
2025-11-01:19:15:55;17940.144;3238.95;818;227.6;3.85;70;1955;2025-11-01:18:45:00;8728.958
2025-11-01:19:16:10;17940.147;3238.95;824;228.4;3.86;83;1955;2025-11-01:18:45:00;8728.958
2025-11-01:19:16:25;17940.151;3238.95;816;227.5;3.84;97;1955;2025-11-01:18:45:00;8728.958
2025-11-01:19:16:40;17940.154;3238.95;811;228;3.81;111;1955;2025-11-01:18:45:00;8728.958
2025-11-01:19:16:55;17940.157;3238.95;815;227.5;3.83;124;1955;2025-11-01:18:45:00;8728.958
2025-11-01:19:17:10;17940.161;3238.95;820;227.8;3.84;138;1955;2025-11-01:18:45:00;8728.958
2025-11-01:19:17:25;17940.164;3238.95;821;227.6;3.84;152;1955;2025-11-01:18:45:00;8728.958
2025-11-01:19:17:40;17940.168;3238.95;817;227.5;3.82;165;1955;2025-11-01:18:45:00;8728.958
2025-11-01:19:17:56;17940.171;3238.95;816;227.4;3.82;180;1955;2025-11-01:18:45:00;8728.958
2025-11-01:19:18:11;17940.175;3238.95;820;227.9;3.82;193;1955;2025-11-01:18:45:00;8728.958
2025-11-01:19:18:26;17940.178;3238.95;817;227.9;3.81;207;1955;2025-11-01:18:45:00;8728.958
2025-11-01:19:18:41;17940.182;3238.95;824;228;3.84;221;1955;2025-11-01:18:45:00;8728.958
2025-11-01:19:18:56;17940.185;3238.95;818;227.8;3.81;234;1955;2025-11-01:18:45:00;8728.958
2025-11-01:19:19:11;17940.188;3238.95;825;228.1;3.84;248;1955;2025-11-01:18:45:00;8728.958
2025-11-01:19:19:26;17940.192;3238.95;814;227.6;3.8;261;1955;2025-11-01:18:45:00;8728.958
2025-11-01:19:19:41;17940.195;3238.95;817;228.4;3.81;275;1955;2025-11-01:18:45:00;8728.958
2025-11-01:19:19:56;17940.199;3238.95;807;227.7;3.77;289;1955;2025-11-01:18:45:00;8728.958
2025-11-01:19:20:11;17940.202;3238.95;829;227.9;3.86;302;1955;2025-11-01:18:45:00;8728.958
2025-11-01:19:20:26;17940.205;3238.95;825;227.8;3.85;316;1955;2025-11-01:18:45:00;8728.958
2025-11-01:19:20:41;17940.209;3238.95;856;228;4;330;1955;2025-11-01:18:45:00;8728.958
2025-11-01:19:20:56;17940.212;3238.95;840;227.9;3.93;344;1955;2025-11-01:18:45:00;8728.958
2025-11-01:19:21:11;17940.216;3238.95;851;228.1;3.97;358;1955;2025-11-01:18:45:00;8728.958
2025-11-01:19:21:26;17940.219;3238.95;847;227.7;3.97;372;1955;2025-11-01:18:45:00;8728.958
2025-11-01:19:21:41;17940.223;3238.95;842;227.8;3.94;387;1955;2025-11-01:18:45:00;8728.958
2025-11-01:19:21:56;17940.227;3238.95;835;228.3;3.91;401;1955;2025-11-01:18:45:00;8728.958
2025-11-01:19:22:12;17940.23;3238.95;845;228.4;3.95;415;1955;2025-11-01:18:45:00;8728.958
2025-11-01:19:22:27;17940.234;3238.95;859;228.6;4.03;429;1955;2025-11-01:18:45:00;8728.958
2025-11-01:19:22:42;17940.237;3238.95;898;228.7;4.24;444;1955;2025-11-01:18:45:00;8728.958
2025-11-01:19:22:57;17940.241;3238.95;930;228.3;4.34;459;1955;2025-11-01:18:45:00;8728.958
2025-11-01:19:23:12;17940.245;3238.95;908;228;4.3;474;1955;2025-11-01:18:45:00;8728.958
2025-11-01:19:23:27;17940.249;3238.95;903;227.9;4.23;489;1955;2025-11-01:18:45:00;8728.958
2025-11-01:19:23:42;17940.253;3238.95;906;228.4;4.23;504;1955;2025-11-01:18:45:00;8728.958
2025-11-01:19:23:57;17940.256;3238.95;894;228.4;4.18;519;1955;2025-11-01:18:45:00;8728.958
2025-11-01:19:24:12;17940.26;3238.95;987;228.3;4.57;536;1955;2025-11-01:18:45:00;8728.958
2025-11-01:19:24:27;17940.264;3238.95;970;228;4.5;552;1955;2025-11-01:18:45:00;8728.958
2025-11-01:19:24:42;17940.268;3238.95;973;228.3;4.51;568;1955;2025-11-01:18:45:00;8728.99
2025-11-01:19:24:57;17940.273;3238.95;984;228;4.56;584;1955;2025-11-01:18:45:00;8728.99
2025-11-01:19:25:12;17940.277;3238.95;1013;228.2;4.67;601;1955;2025-11-01:18:45:00;8728.99
2025-11-01:19:25:27;17940.281;3238.95;985;227.8;4.58;618;1955;2025-11-01:18:45:00;8728.99
2025-11-01:19:25:42;17940.285;3238.95;994;227.6;4.63;634;1955;2025-11-01:18:45:00;8728.99
2025-11-01:19:25:57;17940.289;3238.95;994;227;4.63;651;1955;2025-11-01:18:45:00;8728.99
2025-11-01:19:26:12;17940.293;3238.95;994;226.9;4.64;667;1955;2025-11-01:18:45:00;8728.99
2025-11-01:19:26:27;17940.298;3238.95;998;227.2;4.65;684;1955;2025-11-01:18:45:00;8728.99
2025-11-01:19:26:42;17940.302;3238.95;998;227.6;4.68;701;1955;2025-11-01:18:45:00;8728.99
2025-11-01:19:26:57;17940.306;3238.95;994;227.3;4.65;718;1955;2025-11-01:18:45:00;8728.99
2025-11-01:19:27:13;17940.31;3238.95;1017;227.5;4.74;735;1955;2025-11-01:18:45:00;8728.99
2025-11-01:19:27:28;17940.315;3238.95;997;227.1;4.67;752;1955;2025-11-01:18:45:00;8728.99
2025-11-01:19:27:43;17940.319;3238.95;1013;227.5;4.73;768;1955;2025-11-01:18:45:00;8728.99
2025-11-01:19:27:58;17940.323;3238.95;982;227.3;4.6;785;1955;2025-11-01:18:45:00;8728.99
2025-11-01:19:28:13;17940.327;3238.95;980;227.6;4.62;801;1955;2025-11-01:18:45:00;8728.99
2025-11-01:19:28:28;17940.331;3238.95;971;227.4;4.55;818;1955;2025-11-01:18:45:00;8728.99
2025-11-01:19:28:43;17940.335;3238.95;988;227.7;4.61;834;1955;2025-11-01:18:45:00;8728.99
2025-11-01:19:28:58;17940.339;3238.95;942;226.9;4.38;850;1955;2025-11-01:18:45:00;8728.99
2025-11-01:19:29:13;17940.343;3238.95;878;227;4.06;865;1955;2025-11-01:18:45:00;8728.99
2025-11-01:19:29:28;17940.346;3238.95;808;227;3.96;878;1955;2025-11-01:18:45:00;8728.99
2025-11-01:19:29:43;17940.349;3238.95;734;227.3;3.43;4;1955;2025-11-01:18:45:00;8728.99
2025-11-01:19:29:58;17940.352;3238.95;728;227.2;3.4;16;1955;2025-11-01:18:45:00;8728.99
2025-11-01:19:30:13;17940.355;3238.95;726;227.1;3.39;28;1955;2025-11-01:18:45:00;8729.155
2025-11-01:19:30:28;17940.359;3238.95;740;227.2;3.45;41;1955;2025-11-01:18:45:00;8729.155
2025-11-01:19:30:44;17940.362;3238.95;750;227.9;3.49;54;1955;2025-11-01:18:45:00;8729.155
2025-11-01:19:30:59;17940.365;3238.95;755;227.6;3.51;66;1955;2025-11-01:18:45:00;8729.155
2025-11-01:19:31:14;17940.368;3238.95;760;227.9;3.53;79;1955;2025-11-01:18:45:00;8729.155
2025-11-01:19:31:29;17940.371;3238.95;761;227.9;3.54;92;1955;2025-11-01:18:45:00;8729.155
2025-11-01:19:31:44;17940.375;3238.95;761;228.4;3.53;104;1955;2025-11-01:18:45:00;8729.155
2025-11-01:19:31:59;17940.378;3238.95;762;228;3.53;117;1955;2025-11-01:18:45:00;8729.155
2025-11-01:19:32:14;17940.381;3238.95;770;228.2;3.57;130;1955;2025-11-01:18:45:00;8729.155
2025-11-01:19:32:29;17940.384;3238.95;772;228.9;3.57;143;1955;2025-11-01:18:45:00;8729.155
2025-11-01:19:32:44;17940.387;3238.95;755;229;3.49;155;1955;2025-11-01:18:45:00;8729.155
2025-11-01:19:32:59;17940.39;3238.95;744;228.6;3.42;168;1955;2025-11-01:18:45:00;8729.155
2025-11-01:19:33:14;17940.394;3238.95;753;228.9;3.45;180;1955;2025-11-01:18:45:00;8729.155
2025-11-01:19:33:29;17940.397;3238.95;750;228.7;3.45;193;1955;2025-11-01:18:45:00;8729.155
2025-11-01:19:33:44;17940.4;3238.95;754;228.9;3.46;205;1955;2025-11-01:18:45:00;8729.155
2025-11-01:19:33:59;17940.403;3238.95;748;229;3.44;218;1955;2025-11-01:18:45:00;8729.155
2025-11-01:19:34:14;17940.406;3238.95;740;228.6;3.4;230;1955;2025-11-01:18:45:00;8729.155
2025-11-01:19:34:29;17940.409;3238.95;733;229;3.37;243;1955;2025-11-01:18:45:00;8729.155
2025-11-01:19:34:44;17940.412;3238.95;754;229;3.47;256;1955;2025-11-01:18:45:00;8729.155
2025-11-01:19:34:59;17940.416;3238.95;749;228.7;3.44;268;1955;2025-11-01:18:45:00;8729.155
2025-11-01:19:35:14;17940.419;3238.95;751;229;3.45;281;1955;2025-11-01:18:45:00;8729.155
2025-11-01:19:35:29;17940.422;3238.95;742;228.6;3.42;293;1955;2025-11-01:18:45:00;8729.155
2025-11-01:19:35:45;17940.425;3238.95;758;229.1;3.48;306;1955;2025-11-01:18:45:00;8729.155
2025-11-01:19:36:00;17940.428;3238.95;747;228.6;3.44;318;1955;2025-11-01:18:45:00;8729.155
2025-11-01:19:36:15;17940.431;3238.95;746;229.2;3.41;331;1955;2025-11-01:18:45:00;8729.155
2025-11-01:19:36:30;17940.434;3238.95;684;229;3.25;343;1955;2025-11-01:18:45:00;8729.155
2025-11-01:19:36:45;17940.437;3238.95;687;229.7;3.26;354;1955;2025-11-01:18:45:00;8729.155
2025-11-01:19:37:00;17940.44;3238.95;682;229;3.24;366;1955;2025-11-01:18:45:00;8729.155
2025-11-01:19:37:15;17940.443;3238.95;678;229.5;3.21;377;1955;2025-11-01:18:45:00;8729.155
2025-11-01:19:37:30;17940.446;3238.95;672;229;3.2;388;1955;2025-11-01:18:45:00;8729.155
2025-11-01:19:37:45;17940.448;3238.95;674;228.7;3.21;400;1955;2025-11-01:18:45:00;8729.155
2025-11-01:19:38:00;17940.451;3238.95;672;228.8;3.2;411;1955;2025-11-01:18:45:00;8729.155
2025-11-01:19:38:15;17940.454;3238.95;686;228.6;3.26;422;1955;2025-11-01:18:45:00;8729.155
2025-11-01:19:38:30;17940.457;3238.95;686;229;3.27;433;1955;2025-11-01:18:45:00;8729.155
2025-11-01:19:38:45;17940.46;3238.95;687;228.5;3.28;445;1955;2025-11-01:18:45:00;8729.155
2025-11-01:19:39:00;17940.462;3238.95;688;229.2;3.27;456;1955;2025-11-01:18:45:00;8729.155
2025-11-01:19:39:15;17940.465;3238.95;679;228.6;3.24;467;1955;2025-11-01:18:45:00;8729.155
2025-11-01:19:39:30;17940.468;3238.95;682;228.2;3.26;480;1955;2025-11-01:18:45:00;8729.155
2025-11-01:19:39:45;17940.471;3238.95;678;227.5;3.25;491;1955;2025-11-01:18:45:00;8729.155
2025-11-01:19:40:00;17940.474;3238.95;669;227.4;3.21;502;1955;2025-11-01:18:45:00;8729.155
2025-11-01:19:40:16;17940.477;3238.95;679;227.5;3.26;513;1955;2025-11-01:18:45:00;8729.155
2025-11-01:19:40:31;17940.48;3238.95;669;228;3.21;524;1955;2025-11-01:18:45:00;8729.155
2025-11-01:19:40:46;17940.482;3238.95;671;227.8;3.21;536;1955;2025-11-01:18:45:00;8729.155
2025-11-01:19:41:01;17940.485;3238.95;688;228.1;3.29;547;1955;2025-11-01:18:45:00;8729.155
2025-11-01:19:41:16;17940.488;3238.95;678;228;3.25;558;1955;2025-11-01:18:45:00;8729.155
2025-11-01:19:41:31;17940.491;3238.95;681;228.4;3.25;570;1955;2025-11-01:18:45:00;8729.155
2025-11-01:19:41:46;17940.494;3238.95;680;228;3.25;581;1955;2025-11-01:18:45:00;8729.155
2025-11-01:19:42:01;17940.497;3238.95;684;228.3;3.27;592;1955;2025-11-01:18:45:00;8729.155
2025-11-01:19:42:16;17940.499;3238.95;692;228;3.31;604;1955;2025-11-01:18:45:00;8729.155
2025-11-01:19:42:31;17940.502;3238.95;685;228.5;3.27;615;1955;2025-11-01:18:45:00;8729.155
2025-11-01:19:42:46;17940.505;3238.95;679;228.1;3.25;627;1955;2025-11-01:18:45:00;8729.155
2025-11-01:19:43:01;17940.508;3238.95;683;228.8;3.25;638;1955;2025-11-01:18:45:00;8729.155
2025-11-01:19:43:16;17940.511;3238.95;681;228.2;3.25;649;1955;2025-11-01:18:45:00;8729.155
2025-11-01:19:43:31;17940.514;3238.95;684;228.3;3.26;661;1955;2025-11-01:18:45:00;8729.155
2025-11-01:19:43:46;17940.517;3238.95;684;228.1;3.27;672;1955;2025-11-01:18:45:00;8729.155
2025-11-01:19:44:01;17940.52;3238.95;679;224.7;3.3;684;1955;2025-11-01:18:45:00;8729.155
2025-11-01:19:44:16;17940.522;3238.95;666;225.2;3.22;695;1955;2025-11-01:18:45:00;8729.155
2025-11-01:19:44:32;17940.525;3238.95;671;225.4;3.23;706;1955;2025-11-01:18:45:00;8729.155
2025-11-01:19:44:47;17940.528;3238.95;656;225.2;3.17;6;1955;2025-11-01:18:45:00;8729.155
2025-11-01:19:45:02;17940.531;3238.95;663;225.3;3.2;17;1955;2025-11-01:18:45:00;8729.155
2025-11-01:19:45:17;17940.533;3238.95;661;225;3.2;28;1955;2025-11-01:18:45:00;8729.155
2025-11-01:19:45:32;17940.537;3238.95;781;228.2;3.57;42;1955;2025-11-01:18:45:00;8729.155
2025-11-01:19:45:47;17940.54;3238.95;662;228;3.06;54;1955;2025-11-01:18:45:00;8729.155
2025-11-01:19:46:02;17940.543;3238.95;685;228.4;3.16;66;1955;2025-11-01:18:45:00;8729.155
2025-11-01:19:46:17;17940.546;3238.95;685;228.1;3.16;77;1955;2025-11-01:18:45:00;8729.155
2025-11-01:19:46:32;17940.549;3238.95;675;228.5;3.11;89;1955;2025-11-01:18:45:00;8729.155
2025-11-01:19:46:47;17940.551;3238.95;656;228.2;3.04;100;1955;2025-11-01:18:45:00;8729.155
2025-11-01:19:47:02;17940.554;3238.95;659;228.6;3.05;111;1955;2025-11-01:18:45:00;8729.155
2025-11-01:19:47:17;17940.557;3238.95;657;228.3;3.04;122;1955;2025-11-01:18:45:00;8729.155
2025-11-01:19:47:32;17940.56;3238.95;658;228.9;3.04;133;1955;2025-11-01:18:45:00;8729.155
2025-11-01:19:47:47;17940.562;3238.95;655;228.5;3.03;144;1955;2025-11-01:18:45:00;8729.155
2025-11-01:19:48:02;17940.565;3238.95;656;228.8;3.03;154;1955;2025-11-01:18:45:00;8729.155
2025-11-01:19:48:17;17940.568;3238.95;654;228.9;3.02;165;1955;2025-11-01:18:45:00;8729.155
2025-11-01:19:48:32;17940.571;3238.95;636;229.3;2.94;177;1955;2025-11-01:18:45:00;8729.155
2025-11-01:19:48:47;17940.573;3238.95;635;228.4;2.95;187;1955;2025-11-01:18:45:00;8729.155
2025-11-01:19:49:02;17940.576;3238.95;656;228.5;3.05;198;1955;2025-11-01:18:45:00;8729.155
2025-11-01:19:49:17;17940.579;3238.95;639;228.5;2.98;209;1955;2025-11-01:18:45:00;8729.155
2025-11-01:19:49:33;17940.581;3238.95;652;229;3.02;220;1955;2025-11-01:18:45:00;8729.155
2025-11-01:19:49:48;17940.584;3238.95;649;228.4;3;230;1955;2025-11-01:18:45:00;8729.155
2025-11-01:19:50:03;17940.587;3238.95;665;228.8;3.07;241;1955;2025-11-01:18:45:00;8729.155
2025-11-01:19:50:18;17940.589;3238.95;643;228.4;2.97;252;1955;2025-11-01:18:45:00;8729.155
2025-11-01:19:50:33;17940.592;3238.95;650;228.7;3.01;263;1955;2025-11-01:18:45:00;8729.155
2025-11-01:19:50:48;17940.595;3238.95;631;227.4;2.94;273;1955;2025-11-01:18:45:00;8729.155
2025-11-01:19:51:03;17940.597;3238.95;641;228.1;2.97;284;1955;2025-11-01:18:45:00;8729.155
2025-11-01:19:51:18;17940.6;3238.95;533;228.2;2.62;293;1955;2025-11-01:18:45:00;8729.155
2025-11-01:19:51:33;17940.602;3238.95;541;228.6;2.65;302;1955;2025-11-01:18:45:00;8729.155
2025-11-01:19:51:48;17940.604;3238.95;519;227.7;2.57;311;1955;2025-11-01:18:45:00;8729.155
2025-11-01:19:52:03;17940.607;3238.95;547;227.8;2.72;320;1955;2025-11-01:18:45:00;8729.155
2025-11-01:19:52:18;17940.609;3238.95;553;227.9;2.74;330;1955;2025-11-01:18:45:00;8729.155
2025-11-01:19:52:33;17940.611;3238.95;554;227.7;2.75;339;1955;2025-11-01:18:45:00;8729.155
2025-11-01:19:52:48;17940.614;3238.95;562;227.9;2.78;349;1955;2025-11-01:18:45:00;8729.155
2025-11-01:19:53:03;17940.616;3238.95;556;227.6;2.76;358;1955;2025-11-01:18:45:00;8729.155
2025-11-01:19:53:18;17940.618;3238.95;541;227.7;2.68;367;1955;2025-11-01:18:45:00;8729.155
2025-11-01:19:53:33;17940.62;3238.95;542;228.9;2.67;376;1955;2025-11-01:18:45:00;8729.155
2025-11-01:19:53:49;17940.623;3238.95;549;228.7;2.71;385;1955;2025-11-01:18:45:00;8729.155
2025-11-01:19:54:04;17940.625;3238.95;562;229.2;2.76;394;1955;2025-11-01:18:45:00;8729.155
2025-11-01:19:54:19;17940.627;3238.95;562;228.5;2.77;404;1955;2025-11-01:18:45:00;8729.155
2025-11-01:19:54:34;17940.63;3238.95;558;228.8;2.75;413;1955;2025-11-01:18:45:00;8729.155
2025-11-01:19:54:49;17940.632;3238.95;549;228.9;2.71;422;1955;2025-11-01:18:45:00;8729.155
2025-11-01:19:55:04;17940.634;3238.95;538;228.2;2.66;431;1955;2025-11-01:18:45:00;8729.155
2025-11-01:19:55:19;17940.636;3238.95;541;225.9;2.71;440;1955;2025-11-01:18:45:00;8729.155
2025-11-01:19:55:34;17940.639;3238.95;539;225.6;2.71;449;1955;2025-11-01:18:45:00;8729.155
2025-11-01:19:55:49;17940.641;3238.95;533;227.7;2.65;458;1955;2025-11-01:18:45:00;8729.155
2025-11-01:19:56:04;17940.643;3238.95;537;225;2.72;467;1955;2025-11-01:18:45:00;8729.155
2025-11-01:19:56:19;17940.645;3238.95;527;223.4;2.69;476;1955;2025-11-01:18:45:00;8729.155
2025-11-01:19:56:34;17940.648;3238.95;530;223.4;2.71;484;1955;2025-11-01:18:45:00;8729.155
2025-11-01:19:56:49;17940.65;3238.95;531;223.3;2.71;493;1955;2025-11-01:18:45:00;8729.155
2025-11-01:19:57:04;17940.652;3238.95;537;223.5;2.73;502;1955;2025-11-01:18:45:00;8729.155
2025-11-01:19:57:19;17940.654;3238.95;527;223.6;2.68;511;1955;2025-11-01:18:45:00;8729.155
2025-11-01:19:57:34;17940.657;3238.95;607;223.2;3.13;521;1955;2025-11-01:18:45:00;8729.155
2025-11-01:19:57:49;17940.659;3238.95;618;223.7;3.18;531;1955;2025-11-01:18:45:00;8729.155
2025-11-01:19:58:04;17940.662;3238.95;617;225.2;3.16;541;1955;2025-11-01:18:45:00;8729.155
2025-11-01:19:58:19;17940.664;3238.95;615;226.2;3.14;552;1955;2025-11-01:18:45:00;8729.155
2025-11-01:19:58:35;17940.667;3238.95;607;226.1;3.08;562;1955;2025-11-01:18:45:00;8729.155
2025-11-01:19:58:50;17940.669;3238.95;617;227.1;3.1;572;1955;2025-11-01:18:45:00;8729.155
2025-11-01:19:59:05;17940.672;3238.95;602;226.9;3.05;582;1955;2025-11-01:18:45:00;8729.155
2025-11-01:19:59:20;17940.674;3238.95;609;230.4;3.02;592;1955;2025-11-01:18:45:00;8729.155
2025-11-01:19:59:35;17940.677;3238.95;606;230.5;3.01;602;1955;2025-11-01:18:45:00;8729.155
2025-11-01:19:59:50;17940.68;3238.95;576;231;2.88;8;1955;2025-11-01:18:45:00;8729.155
2025-11-01:20:00:05;17940.682;3238.95;597;230;2.99;18;1955;2025-11-01:18:45:00;8729.155
2025-11-01:20:00:20;17940.685;3238.95;593;230;2.98;28;1955;2025-11-01:18:45:00;8729.155
2025-11-01:20:00:35;17940.687;3238.95;613;230.3;3.07;38;1955;2025-11-01:18:45:00;8729.155
2025-11-01:20:00:50;17940.69;3238.95;580;230.5;2.88;48;1955;2025-11-01:18:45:00;8729.155
2025-11-01:20:01:05;17940.692;3238.95;588;231.1;2.91;57;1955;2025-11-01:18:45:00;8729.155
2025-11-01:20:01:20;17940.694;3238.95;600;230.6;2.97;67;1955;2025-11-01:18:45:00;8729.155
2025-11-01:20:01:35;17940.697;3238.95;601;231.1;2.97;77;1955;2025-11-01:18:45:00;8729.155
2025-11-01:20:01:50;17940.699;3238.95;586;230.6;2.92;87;1955;2025-11-01:18:45:00;8729.155
2025-11-01:20:02:05;17940.702;3238.95;590;231;2.93;97;1955;2025-11-01:18:45:00;8729.155
2025-11-01:20:02:20;17940.704;3238.95;582;231;2.89;107;1955;2025-11-01:18:45:00;8729.155
2025-11-01:20:02:35;17940.707;3238.95;592;230.5;2.94;117;1955;2025-11-01:18:45:00;8729.155
2025-11-01:20:02:50;17940.709;3238.95;586;230.7;2.91;127;1955;2025-11-01:18:45:00;8729.155
2025-11-01:20:03:06;17940.712;3238.95;599;230.5;2.97;137;1955;2025-11-01:18:45:00;8729.155
2025-11-01:20:03:21;17940.714;3238.95;600;230.4;2.97;147;1955;2025-11-01:18:45:00;8729.155
2025-11-01:20:03:36;17940.717;3238.95;579;230.1;2.89;157;1955;2025-11-01:18:45:00;8729.155
2025-11-01:20:03:51;17940.719;3238.95;602;230.3;2.99;167;1955;2025-11-01:18:45:00;8729.155
2025-11-01:20:04:06;17940.722;3238.95;601;230.7;2.98;176;1955;2025-11-01:18:45:00;8729.155
2025-11-01:20:04:21;17940.724;3238.95;592;230.8;2.93;186;1955;2025-11-01:18:45:00;8729.155
2025-11-01:20:04:36;17940.727;3238.95;591;230.2;2.95;196;1955;2025-11-01:18:45:00;8729.155
2025-11-01:20:04:51;17940.729;3238.95;592;230.1;2.95;206;1955;2025-11-01:18:45:00;8729.155
2025-11-01:20:05:06;17940.732;3238.95;590;230;2.94;216;1955;2025-11-01:18:45:00;8729.155
2025-11-01:20:05:21;17940.734;3238.95;582;230.5;2.9;226;1955;2025-11-01:18:45:00;8729.155
2025-11-01:20:05:36;17940.736;3238.95;585;230.1;2.92;235;1955;2025-11-01:18:45:00;8729.155
2025-11-01:20:05:51;17940.739;3238.95;592;229.7;2.95;245;1955;2025-11-01:18:45:00;8729.155
2025-11-01:20:06:06;17940.741;3238.95;593;229.1;2.96;255;1955;2025-11-01:18:45:00;8729.155
2025-11-01:20:06:21;17940.744;3238.95;582;228.8;2.91;265;1955;2025-11-01:18:45:00;8729.155
2025-11-01:20:06:36;17940.746;3238.95;595;229.1;2.98;275;1955;2025-11-01:18:45:00;8729.155
2025-11-01:20:06:51;17940.749;3238.95;595;230.2;2.96;285;1955;2025-11-01:18:45:00;8729.155
2025-11-01:20:07:06;17940.751;3238.95;588;229.8;2.93;295;1955;2025-11-01:18:45:00;8729.155
2025-11-01:20:07:21;17940.754;3238.95;590;229.9;2.93;305;1955;2025-11-01:18:45:00;8729.155
2025-11-01:20:07:36;17940.756;3238.95;589;230;2.93;315;1955;2025-11-01:18:45:00;8729.155
2025-11-01:20:07:52;17940.759;3238.95;600;230;2.99;325;1955;2025-11-01:18:45:00;8729.155
2025-11-01:20:08:07;17940.761;3238.95;588;229.3;2.94;334;1955;2025-11-01:18:45:00;8729.155
2025-11-01:20:08:22;17940.764;3238.95;581;229;2.91;344;1955;2025-11-01:18:45:00;8729.155
2025-11-01:20:08:37;17940.766;3238.95;596;229.1;2.97;354;1955;2025-11-01:18:45:00;8729.155
2025-11-01:20:08:52;17940.769;3238.95;592;229.7;2.96;364;1955;2025-11-01:18:45:00;8729.155
2025-11-01:20:09:07;17940.771;3238.95;595;229.6;2.97;374;1955;2025-11-01:18:45:00;8729.155
2025-11-01:20:09:22;17940.774;3238.95;590;229.5;2.95;384;1955;2025-11-01:18:45:00;8729.155
2025-11-01:20:09:37;17940.776;3238.95;588;229.9;2.93;394;1955;2025-11-01:18:45:00;8729.155
2025-11-01:20:09:52;17940.779;3238.95;591;228.8;2.96;403;1955;2025-11-01:18:45:00;8729.155
2025-11-01:20:10:07;17940.781;3238.95;596;229.1;2.99;413;1955;2025-11-01:18:45:00;8729.155
2025-11-01:20:10:22;17940.783;3238.95;598;228.8;3;423;1955;2025-11-01:18:45:00;8729.155
2025-11-01:20:10:37;17940.786;3238.95;601;229.7;3.01;433;1955;2025-11-01:18:45:00;8729.155
2025-11-01:20:10:52;17940.789;3238.95;597;229.7;2.98;444;1955;2025-11-01:18:45:00;8729.155
2025-11-01:20:11:07;17940.791;3238.95;580;229.2;2.91;454;1955;2025-11-01:18:45:00;8729.155
2025-11-01:20:11:22;17940.794;3238.95;596;228.5;2.99;464;1955;2025-11-01:18:45:00;8729.155
2025-11-01:20:11:37;17940.796;3238.95;593;228.5;2.98;473;1955;2025-11-01:18:45:00;8729.155
2025-11-01:20:11:53;17940.798;3238.95;592;228.4;2.97;483;1955;2025-11-01:18:45:00;8729.155
2025-11-01:20:12:08;17940.801;3238.95;594;228.9;2.98;493;1955;2025-11-01:18:45:00;8729.155
2025-11-01:20:12:23;17940.803;3238.95;594;229;2.98;503;1955;2025-11-01:18:45:00;8729.155
2025-11-01:20:12:38;17940.806;3238.95;597;229.2;3;513;1955;2025-11-01:18:45:00;8729.155
2025-11-01:20:12:53;17940.808;3238.95;600;228.1;3.02;523;1955;2025-11-01:18:45:00;8729.155
2025-11-01:20:13:08;17940.811;3238.95;603;228.5;3.02;533;1955;2025-11-01:18:45:00;8729.155
2025-11-01:20:13:23;17940.813;3238.95;585;228.1;2.95;543;1955;2025-11-01:18:45:00;8729.155
2025-11-01:20:13:38;17940.816;3238.95;594;229.4;2.97;553;1955;2025-11-01:18:45:00;8729.155
2025-11-01:20:13:53;17940.818;3238.95;599;228.5;3.01;563;1955;2025-11-01:18:45:00;8729.155
2025-11-01:20:14:08;17940.821;3238.95;602;228.9;3.02;572;1955;2025-11-01:18:45:00;8729.155
2025-11-01:20:14:23;17940.823;3238.95;595;227.8;3.01;582;1955;2025-11-01:18:45:00;8729.155
2025-11-01:20:14:38;17940.826;3238.95;963;226.7;4.98;593;1955;2025-11-01:18:45:00;8729.155
2025-11-01:20:14:53;17940.833;3238.95;1727;224.6;7.79;27;1955;2025-11-01:18:45:00;8729.155
2025-11-01:20:15:08;17940.84;3238.95;725;227.5;3.46;55;1955;2025-11-01:18:45:00;8729.155
2025-11-01:20:15:23;17940.846;3238.95;1864;224.9;8.4;82;1955;2025-11-01:18:45:00;8729.155
2025-11-01:20:15:38;17940.852;3238.95;838;227.5;4.19;104;1955;2025-11-01:18:45:00;8729.155
2025-11-01:20:15:53;17940.858;3238.95;666;226.7;3.22;127;1955;2025-11-01:18:45:00;8729.155
2025-11-01:20:16:08;17940.862;3238.95;674;227.3;3.25;144;1955;2025-11-01:18:45:00;8729.155
2025-11-01:20:16:23;17940.865;3238.95;684;227.6;3.29;155;1955;2025-11-01:18:45:00;8729.155
2025-11-01:20:16:39;17940.87;3238.95;1831;225.8;8.21;177;1955;2025-11-01:18:45:00;8729.155
2025-11-01:20:16:54;17940.877;3238.95;681;227.8;3.28;206;1955;2025-11-01:18:45:00;8729.155
2025-11-01:20:17:09;17940.882;3238.95;1570;225.7;7.34;223;1955;2025-11-01:18:45:00;8729.155
2025-11-01:20:17:24;17940.885;3238.95;640;227.3;3.19;235;1955;2025-11-01:18:45:00;8729.155
2025-11-01:20:17:39;17940.887;3238.95;642;227.7;3.19;245;1955;2025-11-01:18:45:00;8729.155
2025-11-01:20:17:54;17940.89;3238.95;639;228;3.17;256;1955;2025-11-01:18:45:00;8729.155
2025-11-01:20:18:09;17940.893;3238.95;645;228.6;3.19;267;1955;2025-11-01:18:45:00;8729.155
2025-11-01:20:18:24;17940.895;3238.95;641;226.8;3.2;277;1955;2025-11-01:18:45:00;8729.155
2025-11-01:20:18:39;17940.898;3238.95;644;227.8;3.19;288;1955;2025-11-01:18:45:00;8729.155
2025-11-01:20:18:54;17940.901;3238.95;639;227.7;3.17;299;1955;2025-11-01:18:45:00;8729.155
2025-11-01:20:19:09;17940.903;3238.95;640;227.7;3.18;309;1955;2025-11-01:18:45:00;8729.155
2025-11-01:20:19:24;17940.906;3238.95;636;227.6;3.16;320;1955;2025-11-01:18:45:00;8729.155
2025-11-01:20:19:39;17940.909;3238.95;639;227.6;3.17;331;1955;2025-11-01:18:45:00;8729.155
2025-11-01:20:19:54;17940.912;3238.95;639;227.5;3.17;342;1955;2025-11-01:18:45:00;8729.155
2025-11-01:20:20:09;17940.915;3238.95;1087;226.6;5.56;354;1955;2025-11-01:18:45:00;8729.155
2025-11-01:20:20:24;17940.917;3238.95;662;227.7;3.3;365;1955;2025-11-01:18:45:00;8729.155
2025-11-01:20:20:39;17940.92;3238.95;661;228;3.29;376;1955;2025-11-01:18:45:00;8729.155
2025-11-01:20:20:54;17940.923;3238.95;656;227.5;3.28;387;1955;2025-11-01:18:45:00;8729.155
2025-11-01:20:21:10;17940.926;3238.95;661;228.3;3.29;398;1955;2025-11-01:18:45:00;8729.155
2025-11-01:20:21:25;17940.928;3238.95;657;227.7;3.27;409;1955;2025-11-01:18:45:00;8729.155
2025-11-01:20:21:40;17940.931;3238.95;659;228.1;3.28;420;1955;2025-11-01:18:45:00;8729.155
2025-11-01:20:21:55;17940.934;3238.95;658;227.5;3.28;432;1955;2025-11-01:18:45:00;8729.155
2025-11-01:20:22:10;17940.937;3238.95;656;227.9;3.27;443;1955;2025-11-01:18:45:00;8729.155
2025-11-01:20:22:25;17940.94;3238.95;654;227.9;3.26;454;1955;2025-11-01:18:45:00;8729.155
2025-11-01:20:22:40;17940.942;3238.95;656;227.8;3.27;465;1955;2025-11-01:18:45:00;8729.155
2025-11-01:20:22:55;17940.945;3238.95;668;227.8;3.33;476;1955;2025-11-01:18:45:00;8729.155
2025-11-01:20:23:10;17940.948;3238.95;654;227.8;3.26;487;1955;2025-11-01:18:45:00;8729.155
2025-11-01:20:23:25;17940.951;3238.95;1105;226.9;5.72;500;1955;2025-11-01:18:45:00;8729.155
2025-11-01:20:23:40;17940.955;3238.95;857;227.3;4.02;515;1955;2025-11-01:18:45:00;8729.155
2025-11-01:20:23:55;17940.958;3238.95;760;227.4;3.6;529;1955;2025-11-01:18:45:00;8729.155
2025-11-01:20:24:10;17940.961;3238.95;762;227.5;3.61;541;1955;2025-11-01:18:45:00;8729.155
2025-11-01:20:24:25;17940.965;3238.95;767;227.3;3.64;555;1955;2025-11-01:18:45:00;8729.155
2025-11-01:20:24:40;17940.968;3238.95;772;227.6;3.65;568;1955;2025-11-01:18:45:00;8729.155
2025-11-01:20:24:55;17940.971;3238.95;904;226.9;4.54;581;1955;2025-11-01:18:45:00;8729.155
2025-11-01:20:25:10;17940.975;3238.95;769;227.5;3.64;595;1955;2025-11-01:18:45:00;8729.155
2025-11-01:20:25:25;17940.978;3238.95;765;227.2;3.63;607;1955;2025-11-01:18:45:00;8729.155
2025-11-01:20:25:41;17940.981;3238.95;768;227.3;3.64;620;1955;2025-11-01:18:45:00;8729.155
2025-11-01:20:25:56;17940.984;3238.95;761;227;3.61;633;1955;2025-11-01:18:45:00;8729.155
2025-11-01:20:26:11;17940.988;3238.95;769;227.5;3.64;646;1955;2025-11-01:18:45:00;8729.155
2025-11-01:20:26:26;17940.991;3238.95;762;227.1;3.61;658;1955;2025-11-01:18:45:00;8729.155
2025-11-01:20:26:41;17940.994;3238.95;765;226.7;3.63;671;1955;2025-11-01:18:45:00;8729.155
2025-11-01:20:26:56;17940.997;3238.95;761;226.5;3.63;684;1955;2025-11-01:18:45:00;8729.155
2025-11-01:20:27:11;17941;3238.95;762;226.2;3.64;696;1955;2025-11-01:18:45:00;8729.155
2025-11-01:20:27:26;17941.003;3238.95;760;226.6;3.62;709;1955;2025-11-01:18:45:00;8729.155
2025-11-01:20:27:41;17941.007;3238.95;758;226.4;3.61;722;1955;2025-11-01:18:45:00;8729.155
2025-11-01:20:27:56;17941.01;3238.95;761;226.6;3.62;734;1955;2025-11-01:18:45:00;8729.155
2025-11-01:20:28:11;17941.013;3238.95;760;226.1;3.62;747;1955;2025-11-01:18:45:00;8729.155
2025-11-01:20:28:26;17941.016;3238.95;763;226.4;3.64;760;1955;2025-11-01:18:45:00;8729.155
2025-11-01:20:28:41;17941.019;3238.95;758;225.9;3.61;772;1955;2025-11-01:18:45:00;8729.155
2025-11-01:20:28:56;17941.023;3238.95;743;225.9;3.53;786;1955;2025-11-01:18:45:00;8729.155
2025-11-01:20:29:11;17941.025;3238.95;640;226.8;3.16;797;1955;2025-11-01:18:45:00;8729.155
2025-11-01:20:29:26;17941.028;3238.95;592;227.1;3;808;1955;2025-11-01:18:45:00;8729.155
2025-11-01:20:29:41;17941.031;3238.95;586;226.8;2.97;2;1955;2025-11-01:18:45:00;8729.155
2025-11-01:20:29:56;17941.033;3238.95;590;227.1;2.99;12;1955;2025-11-01:18:45:00;8729.155
2025-11-01:20:30:11;17941.035;3238.95;586;227;2.97;22;1955;2025-11-01:18:45:00;8729.155
2025-11-01:20:30:27;17941.038;3238.95;587;226.9;2.98;31;1955;2025-11-01:18:45:00;8729.155
2025-11-01:20:30:42;17941.04;3238.95;589;226.8;2.99;41;1955;2025-11-01:18:45:00;8729.155
2025-11-01:20:30:57;17941.043;3238.95;589;227;2.98;51;1955;2025-11-01:18:45:00;8729.155
2025-11-01:20:31:12;17941.045;3238.95;583;226.5;2.97;61;1955;2025-11-01:18:45:00;8729.155
2025-11-01:20:31:27;17941.048;3238.95;585;226.6;2.98;71;1955;2025-11-01:18:45:00;8729.155
2025-11-01:20:31:42;17941.05;3238.95;584;226.8;2.98;80;1955;2025-11-01:18:45:00;8729.155
2025-11-01:20:31:57;17941.052;3238.95;583;227.1;2.97;90;1955;2025-11-01:18:45:00;8729.155
2025-11-01:20:32:12;17941.055;3238.95;574;227;2.93;100;1955;2025-11-01:18:45:00;8729.155
2025-11-01:20:32:27;17941.057;3238.95;575;227.1;2.93;109;1955;2025-11-01:18:45:00;8729.155
2025-11-01:20:32:42;17941.06;3238.95;579;226.8;2.96;119;1955;2025-11-01:18:45:00;8729.155
2025-11-01:20:32:57;17941.062;3238.95;575;227.5;2.92;129;1955;2025-11-01:18:45:00;8729.155
2025-11-01:20:33:12;17941.065;3238.95;575;227.4;2.92;138;1955;2025-11-01:18:45:00;8729.155
2025-11-01:20:33:27;17941.067;3238.95;576;227.4;2.93;148;1955;2025-11-01:18:45:00;8729.155
2025-11-01:20:33:42;17941.07;3238.95;594;227.7;3;158;1955;2025-11-01:18:45:00;8729.155
2025-11-01:20:33:57;17941.072;3238.95;574;227.5;2.92;168;1955;2025-11-01:18:45:00;8729.155
2025-11-01:20:34:12;17941.074;3238.95;584;227.6;2.95;178;1955;2025-11-01:18:45:00;8729.155
2025-11-01:20:34:27;17941.077;3238.95;574;227.4;2.91;187;1955;2025-11-01:18:45:00;8729.155
2025-11-01:20:34:42;17941.079;3238.95;572;227.3;2.9;197;1955;2025-11-01:18:45:00;8729.155
2025-11-01:20:34:58;17941.082;3238.95;569;227.5;2.89;206;1955;2025-11-01:18:45:00;8729.155
2025-11-01:20:35:13;17941.084;3238.95;575;227.7;2.92;216;1955;2025-11-01:18:45:00;8729.155
2025-11-01:20:35:28;17941.086;3238.95;571;227.9;2.89;225;1955;2025-11-01:18:45:00;8729.155
2025-11-01:20:35:43;17941.089;3238.95;571;227.8;2.89;235;1955;2025-11-01:18:45:00;8729.155
2025-11-01:20:35:58;17941.091;3238.95;581;227.8;2.94;244;1955;2025-11-01:18:45:00;8729.155
2025-11-01:20:36:13;17941.094;3238.95;577;227.4;2.93;254;1955;2025-11-01:18:45:00;8729.155
2025-11-01:20:36:28;17941.096;3238.95;578;227.8;2.93;264;1955;2025-11-01:18:45:00;8729.155
2025-11-01:20:36:43;17941.098;3238.95;571;227.3;2.9;273;1955;2025-11-01:18:45:00;8729.155
2025-11-01:20:36:58;17941.101;3238.95;568;227.4;2.89;283;1955;2025-11-01:18:45:00;8729.155
2025-11-01:20:37:13;17941.103;3238.95;568;227.4;2.89;292;1955;2025-11-01:18:45:00;8729.155
2025-11-01:20:37:28;17941.106;3238.95;565;226.5;2.88;302;1955;2025-11-01:18:45:00;8729.155
2025-11-01:20:37:43;17941.108;3238.95;569;227.5;2.89;311;1955;2025-11-01:18:45:00;8729.155
2025-11-01:20:37:59;17941.111;3238.95;576;226.7;2.93;322;1955;2025-11-01:18:45:00;8729.155
2025-11-01:20:38:14;17941.113;3238.95;576;226.9;2.92;332;1955;2025-11-01:18:45:00;8729.155
2025-11-01:20:38:29;17941.115;3238.95;586;226.7;2.97;341;1955;2025-11-01:18:45:00;8729.155
2025-11-01:20:38:44;17941.118;3238.95;583;227;2.96;351;1955;2025-11-01:18:45:00;8729.155
2025-11-01:20:38:59;17941.12;3238.95;576;226.9;2.93;361;1955;2025-11-01:18:45:00;8729.155
2025-11-01:20:39:14;17941.123;3238.95;572;227.4;2.9;370;1955;2025-11-01:18:45:00;8729.155
2025-11-01:20:39:29;17941.125;3238.95;573;227.2;2.91;380;1955;2025-11-01:18:45:00;8729.155
2025-11-01:20:39:45;17941.127;3238.95;569;226.7;2.9;389;1955;2025-11-01:18:45:00;8729.155
2025-11-01:20:40:00;17941.13;3238.95;570;226.9;2.9;399;1955;2025-11-01:18:45:00;8729.155
2025-11-01:20:40:15;17941.132;3238.95;568;227;2.89;408;1955;2025-11-01:18:45:00;8729.155
2025-11-01:20:40:30;17941.134;3238.95;571;227.2;2.9;418;1955;2025-11-01:18:45:00;8729.155
2025-11-01:20:40:45;17941.137;3238.95;567;226.9;2.89;427;1955;2025-11-01:18:45:00;8729.155
2025-11-01:20:41:00;17941.139;3238.95;571;227.1;2.9;437;1955;2025-11-01:18:45:00;8729.155
2025-11-01:20:41:15;17941.142;3238.95;581;226.7;2.95;446;1955;2025-11-01:18:45:00;8729.155
2025-11-01:20:41:30;17941.144;3238.95;583;227.3;2.95;456;1955;2025-11-01:18:45:00;8729.155
2025-11-01:20:41:45;17941.146;3238.95;570;227.2;2.9;466;1955;2025-11-01:18:45:00;8729.155
2025-11-01:20:42:00;17941.149;3238.95;571;227.7;2.9;475;1955;2025-11-01:18:45:00;8729.155
2025-11-01:20:42:15;17941.151;3238.95;567;227.5;2.88;485;1955;2025-11-01:18:45:00;8729.155
2025-11-01:20:42:30;17941.154;3238.95;574;227.3;2.91;494;1955;2025-11-01:18:45:00;8729.155
2025-11-01:20:42:45;17941.156;3238.95;571;227.8;2.88;504;1955;2025-11-01:18:45:00;8729.155
2025-11-01:20:43:00;17941.159;3238.95;569;227.9;2.87;514;1955;2025-11-01:18:45:00;8729.155
2025-11-01:20:43:15;17941.161;3238.95;576;227.9;2.9;523;1955;2025-11-01:18:45:00;8729.155
2025-11-01:20:43:30;17941.163;3238.95;576;228;2.9;533;1955;2025-11-01:18:45:00;8729.155
2025-11-01:20:43:45;17941.166;3238.95;572;228.2;2.88;543;1955;2025-11-01:18:45:00;8729.155
2025-11-01:20:44:00;17941.168;3238.95;572;228.2;2.89;552;1955;2025-11-01:18:45:00;8729.155
2025-11-01:20:44:16;17941.17;3238.95;570;227.8;2.88;562;1955;2025-11-01:18:45:00;8729.155
2025-11-01:20:44:31;17941.173;3238.95;576;228.2;2.9;571;1955;2025-11-01:18:45:00;8729.155
2025-11-01:20:44:46;17941.175;3238.95;573;228;2.89;5;1955;2025-11-01:18:45:00;8729.155
2025-11-01:20:45:01;17941.178;3238.95;574;228.7;2.88;14;1955;2025-11-01:18:45:00;8729.155
2025-11-01:20:45:16;17941.18;3238.95;575;228.2;2.9;24;1955;2025-11-01:18:45:00;8729.155
2025-11-01:20:45:31;17941.182;3238.95;572;228.2;2.88;33;1955;2025-11-01:18:45:00;8729.155
2025-11-01:20:45:46;17941.185;3238.95;570;227.9;2.88;43;1955;2025-11-01:18:45:00;8729.155
